ANO,NM_DIRETORIA,NM_MUNICIPIO,CD_REDE_ENSINO,APR_1,REP_1,ABA_1,APR_2,REP_2,ABA_2,APR_3,REP_3,ABA_3
2019,ADAMANTINA,ADAMANTINA,1,0.0000,0.0000,0.0000,97.3600,2.6400,0.0000,96.9700,3.0300,0.0000
2019,ADAMANTINA,DRACENA,1,0.0000,0.0000,0.0000,94.9000,4.6300,0.4700,91.3900,7.0700,1.5400
2019,ADAMANTINA,FLORA RICA,1,0.0000,0.0000,0.0000,0.0000,0.0000,0.0000,97.7800,2.2200,0.0000
2019,ADAMANTINA,FLORIDA PAULISTA,1,0.0000,0.0000,0.0000,96.2200,3.5600,0.2200,91.3500,8.2700,0.3800
2019,ADAMANTINA,INUBIA PAULISTA,1,0.0000,0.0000,0.0000,97.2500,2.7500,0.0000,91.1400,8.8600,0.0000
2019,ADAMANTINA,IRAPURU,1,66.6700,33.3300,0.0000,87.7000,9.3900,2.9100,86.2900,9.1400,4.5700
2019,ADAMANTINA,JUNQUEIROPOLIS,1,0.0000,0.0000,0.0000,97.3200,2.6800,0.0000,93.1700,6.8300,0.0000
2019,ADAMANTINA,LUCELIA,1,0.0000,0.0000,0.0000,98.4100,1.5900,0.0000,93.2300,6.7700,0.0000
2019,ADAMANTINA,MARIAPOLIS,1,0.0000,0.0000,0.0000,97.4700,2.5300,0.0000,92.0600,7.9400,0.0000
2019,ADAMANTINA,MONTE CASTELO,1,0.0000,0.0000,0.0000,97.4200,2.5800,0.0000,99.1300,0.8700,0.0000
2019,ADAMANTINA,NOVA GUATAPORANGA,1,0.0000,0.0000,0.0000,100.0000,0.0000,0.0000,100.0000,0.0000,0.0000
2019,ADAMANTINA,OSVALDO CRUZ,1,0.0000,0.0000,0.0000,98.6700,1.1100,0.2200,95.3900,4.4500,0.1600
2019,ADAMANTINA,OURO VERDE,1,0.0000,0.0000,0.0000,0.0000,0.0000,0.0000,98.2600,1.7400,0.0000
2019,ADAMANTINA,PACAEMBU,1,0.0000,0.0000,0.0000,96.9000,2.6200,0.4800,88.0800,9.8400,2.0800
2019,ADAMANTINA,PANORAMA,1,0.0000,0.0000,0.0000,97.5600,2.4400,0.0000,96.6500,3.3500,0.0000
2019,ADAMANTINA,PAULICEIA,1,0.0000,0.0000,0.0000,95.5100,3.5500,0.9400,88.1200,10.4000,1.4800
2019,ADAMANTINA,PRACINHA,1,0.0000,0.0000,0.0000,100.0000,0.0000,0.0000,97.9600,2.0400,0.0000
2019,ADAMANTINA,SAGRES,1,0.0000,0.0000,0.0000,97.9800,2.0200,0.0000,87.5000,12.5000,0.0000
2019,ADAMANTINA,SALMOURAO,1,0.0000,0.0000,0.0000,99.1200,0.8800,0.0000,97.2600,1.3700,1.3700
2019,ADAMANTINA,SANTA MERCEDES,1,0.0000,0.0000,0.0000,98.5300,1.4700,0.0000,95.0600,4.9400,0.0000
2019,ADAMANTINA,SAO JOAO DO PAU D'ALHO,1,0.0000,0.0000,0.0000,98.8000,0.0000,1.2000,100.0000,0.0000,0.0000
2019,ADAMANTINA,TUPI PAULISTA,1,0.0000,0.0000,0.0000,0.0000,0.0000,0.0000,98.8000,0.6000,0.6000
2019,AMERICANA,AMERICANA,1,99.0900,0.8900,0.0200,96.8000,2.7400,0.4600,92.0900,6.1700,1.7400
2019,AMERICANA,NOVA ODESSA,1,0.0000,0.0000,0.0000,99.3700,0.3400,0.2900,96.8200,2.0500,1.1300
2019,AMERICANA,SANTA BARBARA D'OESTE,1,99.4500,0.5500,0.0000,96.8100,2.4700,0.7200,92.0000,4.6000,3.4000
2019,ANDRADINA,ANDRADINA,1,0.0000,0.0000,0.0000,98.1000,1.4600,0.4400,96.6800,2.6300,0.6900
2019,ANDRADINA,CASTILHO,1,0.0000,0.0000,0.0000,98.5100,1.2600,0.2300,94.6500,5.1500,0.2000
2019,ANDRADINA,GUARACAI,1,0.0000,0.0000,0.0000,96.3700,2.6400,0.9900,93.1700,2.4400,4.3900
2019,ANDRADINA,ILHA SOLTEIRA,1,0.0000,0.0000,0.0000,97.7100,2.0800,0.2100,96.6300,3.1100,0.2600
2019,ANDRADINA,ITAPURA,1,0.0000,0.0000,0.0000,97.8400,2.1600,0.0000,93.5800,6.4200,0.0000
2019,ANDRADINA,LAVINIA,1,0.0000,0.0000,0.0000,0.0000,0.0000,0.0000,99.3700,0.6300,0.0000
2019,ANDRADINA,MIRANDOPOLIS,1,0.0000,0.0000,0.0000,99.5300,0.4700,0.0000,99.2700,0.7300,0.0000
2019,ANDRADINA,MURUTINGA DO SUL,1,0.0000,0.0000,0.0000,96.6300,1.6900,1.6800,98.0800,1.9200,0.0000
2019,ANDRADINA,NOVA INDEPENDENCIA,1,0.0000,0.0000,0.0000,0.0000,0.0000,0.0000,97.0600,2.9400,0.0000
2019,ANDRADINA,PEREIRA BARRETO,1,0.0000,0.0000,0.0000,99.8000,0.2000,0.0000,99.8100,0.1900,0.0000
2019,ANDRADINA,SUD MENNUCCI,1,0.0000,0.0000,0.0000,0.0000,0.0000,0.0000,98.4100,1.5900,0.0000
2019,APIAI,APIAI,1,99.7500,0.2500,0.0000,99.0700,0.6600,0.2700,97.3900,1.1700,1.4400
2019,APIAI,BARRA DO CHAPEU,1,0.0000,0.0000,0.0000,98.0100,1.9900,0.0000,99.1300,0.8700,0.0000
2019,APIAI,GUAPIARA,1,0.0000,0.0000,0.0000,99.7300,0.1300,0.1400,96.2800,2.8900,0.8300
2019,APIAI,IPORANGA,1,0.0000,0.0000,0.0000,98.3400,1.6600,0.0000,92.7400,7.2600,0.0000
2019,APIAI,ITAOCA,1,100.0000,0.0000,0.0000,99.1200,0.8800,0.0000,99.2700,0.0000,0.7300
2019,APIAI,ITAPIRAPUA PAULISTA,1,0.0000,0.0000,0.0000,97.2800,2.4200,0.3000,93.7900,5.6500,0.5600
2019,APIAI,RIBEIRA,1,0.0000,0.0000,0.0000,99.1800,0.8200,0.0000,98.7700,1.2300,0.0000
2019,APIAI,RIBEIRAO BRANCO,1,0.0000,0.0000,0.0000,98.7200,0.5600,0.7200,94.6800,4.2600,1.0600
2019,ARACATUBA,ARACATUBA,1,100.0000,0.0000,0.0000,97.6300,2.1000,0.2700,94.5800,4.1800,1.2400
2019,ARACATUBA,BENTO DE ABREU,1,0.0000,0.0000,0.0000,100.0000,0.0000,0.0000,95.1200,4.8800,0.0000
2019,ARACATUBA,GUARARAPES,1,0.0000,0.0000,0.0000,99.1200,0.7800,0.1000,97.1600,2.7100,0.1300
2019,ARACATUBA,RUBIACEA,1,0.0000,0.0000,0.0000,100.0000,0.0000,0.0000,99.0000,1.0000,0.0000
2019,ARACATUBA,SANTO ANTONIO DO ARACANGUA,1,0.0000,0.0000,0.0000,0.0000,0.0000,0.0000,99.1500,0.8500,0.0000
2019,ARACATUBA,VALPARAISO,1,0.0000,0.0000,0.0000,99.5700,0.4300,0.0000,99.8600,0.1400,0.0000
2019,ARARAQUARA,AMERICO BRASILIENSE,1,0.0000,0.0000,0.0000,96.4800,3.2300,0.2900,94.2300,5.6600,0.1100
2019,ARARAQUARA,ARARAQUARA,1,99.9600,0.0400,0.0000,97.2600,2.5700,0.1700,93.6600,4.9200,1.4200
2019,ARARAQUARA,BOA ESPERANCA DO SUL,1,0.0000,0.0000,0.0000,0.0000,0.0000,0.0000,83.8600,15.2500,0.8900
2019,ARARAQUARA,GAVIAO PEIXOTO,1,0.0000,0.0000,0.0000,100.0000,0.0000,0.0000,96.3100,3.6900,0.0000
2019,ARARAQUARA,MATAO,1,99.7100,0.2900,0.0000,97.9200,1.7500,0.3300,95.8500,3.3500,0.8000
2019,ARARAQUARA,MOTUCA,1,0.0000,0.0000,0.0000,0.0000,0.0000,0.0000,86.7300,13.2700,0.0000
2019,ARARAQUARA,NOVA EUROPA,1,0.0000,0.0000,0.0000,0.0000,0.0000,0.0000,98.6400,1.3600,0.0000
2019,ARARAQUARA,RINCAO,1,0.0000,0.0000,0.0000,90.6600,9.0900,0.2500,87.5000,9.8000,2.7000
2019,ARARAQUARA,SANTA LUCIA,1,0.0000,0.0000,0.0000,96.0000,3.3300,0.6700,92.7800,6.1900,1.0300
2019,ARARAQUARA,TRABIJU,1,0.0000,0.0000,0.0000,0.0000,0.0000,0.0000,72.2900,26.5100,1.2000
2019,ASSIS,ASSIS,1,0.0000,0.0000,0.0000,94.7700,4.4700,0.7600,91.0300,6.9400,2.0300
2019,ASSIS,BORA,1,0.0000,0.0000,0.0000,98.1800,1.8200,0.0000,100.0000,0.0000,0.0000
2019,ASSIS,CANDIDO MOTA,1,100.0000,0.0000,0.0000,97.1300,1.8000,1.0700,94.9300,1.9600,3.1100
2019,ASSIS,CRUZALIA,1,100.0000,0.0000,0.0000,100.0000,0.0000,0.0000,100.0000,0.0000,0.0000
2019,ASSIS,FLORÍNEA,1,100.0000,0.0000,0.0000,96.6400,2.6800,0.6800,98.9600,0.0000,1.0400
2019,ASSIS,IEPE,1,0.0000,0.0000,0.0000,99.4400,0.0000,0.5600,96.4500,1.7700,1.7800
2019,ASSIS,LUTECIA,1,0.0000,0.0000,0.0000,96.8800,3.1300,-0.0100,99.1200,0.8800,0.0000
2019,ASSIS,MARACAI,1,0.0000,0.0000,0.0000,97.5600,1.8300,0.6100,96.3400,2.8700,0.7900
2019,ASSIS,NANTES,1,0.0000,0.0000,0.0000,98.4700,1.5300,0.0000,100.0000,0.0000,0.0000
2019,ASSIS,PALMITAL,1,0.0000,0.0000,0.0000,93.9700,4.5500,1.4800,90.1500,9.4100,0.4400
2019,ASSIS,PARAGUACU PAULISTA,1,0.0000,0.0000,0.0000,98.4300,1.5700,0.0000,96.4100,3.4000,0.1900
2019,ASSIS,PEDRINHAS PAULISTA,1,0.0000,0.0000,0.0000,100.0000,0.0000,0.0000,100.0000,0.0000,0.0000
2019,ASSIS,PLATINA,1,0.0000,0.0000,0.0000,97.7400,2.2600,0.0000,97.8900,2.1100,0.0000
2019,ASSIS,TARUMA,1,0.0000,0.0000,0.0000,93.6500,5.8800,0.4700,90.4100,7.1900,2.4000
2019,AVARE,AGUAS DE SANTA BARBARA,1,0.0000,0.0000,0.0000,99.7100,0.0000,0.2900,97.0900,0.0000,2.9100
2019,AVARE,ARANDU,1,0.0000,0.0000,0.0000,97.2500,1.2200,1.5300,93.6700,2.2600,4.0700
2019,AVARE,AVARE,1,0.0000,0.0000,0.0000,97.6800,1.4300,0.8900,89.9300,6.9900,3.0800
2019,AVARE,CERQUEIRA CESAR,1,100.0000,0.0000,0.0000,98.6300,0.2000,1.1700,94.6600,1.4600,3.8800
2019,AVARE,IARAS,1,100.0000,0.0000,0.0000,97.3200,2.6800,0.0000,95.5800,3.7900,0.6300
2019,AVARE,ITAI,1,0.0000,0.0000,0.0000,97.2800,1.5200,1.2000,95.0500,1.8000,3.1500
2019,AVARE,TAQUARITUBA,1,0.0000,0.0000,0.0000,99.3500,0.6500,0.0000,96.1000,2.9300,0.9700
2019,BARRETOS,ALTAIR,1,0.0000,0.0000,0.0000,100.0000,0.0000,0.0000,100.0000,0.0000,0.0000
2019,BARRETOS,BARRETOS,1,0.0000,0.0000,0.0000,99.5700,0.1400,0.2900,98.8900,0.5500,0.5600
2019,BARRETOS,COLINA,1,0.0000,0.0000,0.0000,0.0000,0.0000,0.0000,100.0000,0.0000,0.0000
2019,BARRETOS,COLOMBIA,1,0.0000,0.0000,0.0000,0.0000,0.0000,0.0000,97.3300,2.6700,0.0000
2019,BARRETOS,GUAIRA,1,0.0000,0.0000,0.0000,99.5700,0.2400,0.1900,98.0300,1.6900,0.2800
2019,BARRETOS,GUARACI,1,0.0000,0.0000,0.0000,0.0000,0.0000,0.0000,100.0000,0.0000,0.0000
2019,BARRETOS,JABORANDI,1,0.0000,0.0000,0.0000,0.0000,0.0000,0.0000,100.0000,0.0000,0.0000
2019,BARRETOS,OLIMPIA,1,0.0000,0.0000,0.0000,99.4900,0.5100,0.0000,97.8500,1.8100,0.3400
2019,BARRETOS,SEVERINIA,1,0.0000,0.0000,0.0000,0.0000,0.0000,0.0000,96.9000,2.4800,0.6200
2019,BAURU,AGUDOS,1,0.0000,0.0000,0.0000,95.4400,3.7700,0.7900,93.4400,4.8300,1.7300
2019,BAURU,AREALVA,1,0.0000,0.0000,0.0000,95.3700,4.0900,0.5400,95.0400,3.3100,1.6500
2019,BAURU,AVAI,1,98.3300,1.6700,0.0000,98.8100,0.7900,0.4000,97.3900,2.6100,0.0000
2019,BAURU,BALBINOS,1,0.0000,0.0000,0.0000,100.0000,0.0000,0.0000,100.0000,0.0000,0.0000
2019,BAURU,BAURU,1,98.7500,1.1000,0.1500,93.6400,5.2800,1.0800,86.3200,10.3300,3.3500
2019,BAURU,CABRALIA PAULISTA,1,0.0000,0.0000,0.0000,94.8200,5.1800,0.0000,88.0000,2.0000,10.0000
2019,BAURU,DUARTINA,1,0.0000,0.0000,0.0000,97.0800,1.1200,1.8000,94.9300,0.3400,4.7300
2019,BAURU,IACANGA,1,0.0000,0.0000,0.0000,92.0000,4.0000,4.0000,89.6700,6.0000,4.3300
2019,BAURU,LENCOIS PAULISTA,1,0.0000,0.0000,0.0000,96.0100,3.2800,0.7100,94.0700,3.8100,2.1200
2019,BAURU,LUCIANOPOLIS,1,0.0000,0.0000,0.0000,99.2100,0.7900,0.0000,98.7800,0.0000,1.2200
2019,BAURU,PAULISTANIA,1,0.0000,0.0000,0.0000,100.0000,0.0000,0.0000,91.5300,5.0800,3.3900
2019,BAURU,PIRAJUI,1,0.0000,0.0000,0.0000,100.0000,0.0000,0.0000,99.8200,0.1800,0.0000
2019,BAURU,PIRATININGA,1,0.0000,0.0000,0.0000,90.8700,7.9600,1.1700,85.3500,12.4200,2.2300
2019,BAURU,PRESIDENTE ALVES,1,100.0000,0.0000,0.0000,100.0000,0.0000,0.0000,96.7500,1.6300,1.6200
2019,BAURU,REGINOPOLIS,1,0.0000,0.0000,0.0000,97.8100,2.1900,0.0000,94.9400,2.8100,2.2500
2019,BAURU,UBIRAJARA,1,0.0000,0.0000,0.0000,89.3300,6.6700,4.0000,71.6900,12.6500,15.6600
2019,BIRIGUI,BILAC,1,0.0000,0.0000,0.0000,97.8300,1.8100,0.3600,98.7700,1.2300,0.0000
2019,BIRIGUI,BIRIGUI,1,0.0000,0.0000,0.0000,97.7800,1.7700,0.4500,93.6800,3.8400,2.4800
2019,BIRIGUI,BREJO ALEGRE,1,0.0000,0.0000,0.0000,98.2600,1.7400,0.0000,94.5700,5.4300,0.0000
2019,BIRIGUI,BURITAMA,1,0.0000,0.0000,0.0000,99.4900,0.5100,0.0000,99.1100,0.8900,0.0000
2019,BIRIGUI,COROADOS,1,0.0000,0.0000,0.0000,99.1800,0.8200,0.0000,98.3500,1.6500,0.0000
2019,BIRIGUI,GABRIEL MONTEIRO,1,0.0000,0.0000,0.0000,100.0000,0.0000,0.0000,100.0000,0.0000,0.0000
2019,BIRIGUI,GLICERIO,1,0.0000,0.0000,0.0000,97.8800,2.1200,0.0000,100.0000,0.0000,0.0000
2019,BIRIGUI,LOURDES,1,0.0000,0.0000,0.0000,100.0000,0.0000,0.0000,98.6300,1.3700,0.0000
2019,BIRIGUI,PIACATU,1,0.0000,0.0000,0.0000,100.0000,0.0000,0.0000,98.9500,0.0000,1.0500
2019,BIRIGUI,TURIUBA,1,0.0000,0.0000,0.0000,100.0000,0.0000,0.0000,95.4500,4.5500,0.0000
2019,BOTUCATU,ANHEMBI,1,0.0000,0.0000,0.0000,0.0000,0.0000,0.0000,96.9700,3.0300,0.0000
2019,BOTUCATU,AREIOPOLIS,1,0.0000,0.0000,0.0000,0.0000,0.0000,0.0000,93.6200,2.6800,3.7000
2019,BOTUCATU,BOFETE,1,0.0000,0.0000,0.0000,100.0000,0.0000,0.0000,94.0200,5.9800,0.0000
2019,BOTUCATU,BOTUCATU,1,100.0000,0.0000,0.0000,92.8900,4.9300,2.1800,86.0300,10.7600,3.2100
2019,BOTUCATU,CESARIO LANGE,1,0.0000,0.0000,0.0000,0.0000,0.0000,0.0000,87.0700,9.6600,3.2700
2019,BOTUCATU,CONCHAS,1,0.0000,0.0000,0.0000,98.6500,0.6800,0.6700,90.3700,2.4600,7.1700
2019,BOTUCATU,ITATINGA,1,0.0000,0.0000,0.0000,99.4900,0.5100,0.0000,88.9100,7.2000,3.8900
2019,BOTUCATU,LARANJAL PAULISTA,1,0.0000,0.0000,0.0000,97.7900,1.1000,1.1100,88.5000,6.9900,4.5100
2019,BOTUCATU,PARDINHO,1,0.0000,0.0000,0.0000,0.0000,0.0000,0.0000,83.0600,16.9400,0.0000
2019,BOTUCATU,PEREIRAS,1,0.0000,0.0000,0.0000,99.2100,0.7900,0.0000,99.1200,0.8800,0.0000
2019,BOTUCATU,PORANGABA,1,0.0000,0.0000,0.0000,97.2000,2.8000,0.0000,93.0000,7.0000,0.0000
2019,BOTUCATU,PRATANIA,1,0.0000,0.0000,0.0000,98.0300,1.9700,0.0000,97.4000,2.6000,0.0000
2019,BOTUCATU,QUADRA,1,0.0000,0.0000,0.0000,0.0000,0.0000,0.0000,99.3100,0.0000,0.6900
2019,BOTUCATU,SAO MANUEL,1,0.0000,0.0000,0.0000,96.7700,2.9100,0.3200,93.8400,5.8800,0.2800
2019,BOTUCATU,TORRE DE PEDRA,1,0.0000,0.0000,0.0000,100.0000,0.0000,0.0000,100.0000,0.0000,0.0000
2019,BRAGANCA PAULISTA,ATIBAIA,1,100.0000,0.0000,0.0000,98.0900,1.0700,0.8400,94.1700,3.7400,2.0900
2019,BRAGANCA PAULISTA,BOM JESUS DOS PERDOES,1,0.0000,0.0000,0.0000,95.7300,3.6000,0.6700,96.5200,2.7800,0.7000
2019,BRAGANCA PAULISTA,BRAGANCA PAULISTA,1,0.0000,0.0000,0.0000,98.5500,0.9500,0.5000,91.7200,5.0800,3.2000
2019,BRAGANCA PAULISTA,JOANOPOLIS,1,0.0000,0.0000,0.0000,0.0000,0.0000,0.0000,96.3900,3.6100,0.0000
2019,BRAGANCA PAULISTA,MORUNGABA,1,0.0000,0.0000,0.0000,93.8600,4.1000,2.0400,82.0300,12.9100,5.0600
2019,BRAGANCA PAULISTA,NAZARE PAULISTA,1,99.6700,0.3300,0.0000,98.6500,1.0400,0.3100,94.9400,2.0200,3.0400
2019,BRAGANCA PAULISTA,PEDRA BELA,1,0.0000,0.0000,0.0000,0.0000,0.0000,0.0000,96.3900,0.6000,3.0100
2019,BRAGANCA PAULISTA,PINHALZINHO,1,0.0000,0.0000,0.0000,0.0000,0.0000,0.0000,89.9700,6.7700,3.2600
2019,BRAGANCA PAULISTA,PIRACAIA,1,0.0000,0.0000,0.0000,97.8300,2.0100,0.1600,93.7100,3.4500,2.8400
2019,BRAGANCA PAULISTA,SOCORRO,1,98.7600,1.2400,0.0000,97.3500,1.3600,1.2900,94.1100,2.7500,3.1400
2019,BRAGANCA PAULISTA,TUIUTI,1,0.0000,0.0000,0.0000,0.0000,0.0000,0.0000,96.7900,0.5300,2.6800
2019,BRAGANCA PAULISTA,VARGEM,1,0.0000,0.0000,0.0000,0.0000,0.0000,0.0000,84.6200,5.6200,9.7600
2019,CAIEIRAS,CAIEIRAS,1,99.7500,0.2500,0.0000,98.8900,0.8200,0.2900,96.3400,2.2600,1.4000
2019,CAIEIRAS,CAJAMAR,1,0.0000,0.0000,0.0000,97.0100,2.7600,0.2300,96.2200,3.2500,0.5300
2019,CAIEIRAS,FRANCISCO MORATO,1,99.4200,0.3900,0.1900,97.3600,1.9200,0.7200,92.8500,4.3200,2.8300
2019,CAIEIRAS,FRANCO DA ROCHA,1,99.5800,0.1700,0.2500,97.7500,1.6200,0.6300,95.7900,3.1100,1.1000
2019,CAIEIRAS,MAIRIPORA,1,0.0000,0.0000,0.0000,98.5400,1.2300,0.2300,94.7400,3.2200,2.0400
2019,CAMPINAS LESTE,CAMPINAS,1,99.8800,0.0900,0.0300,96.6800,2.8700,0.4500,92.1700,6.6600,1.1700
2019,CAMPINAS LESTE,JAGUARIUNA,1,0.0000,0.0000,0.0000,0.0000,0.0000,0.0000,96.1100,3.8900,0.0000
2019,CAMPINAS OESTE,CAMPINAS,1,98.4600,1.2100,0.3300,95.2600,3.7500,0.9900,89.4700,6.9900,3.5400
2019,CAMPINAS OESTE,VALINHOS,1,0.0000,0.0000,0.0000,96.9200,2.5200,0.5600,90.2100,6.3200,3.4700
2019,CAMPINAS OESTE,VINHEDO,1,0.0000,0.0000,0.0000,100.0000,0.0000,0.0000,90.6300,4.2600,5.1100
2019,CAPIVARI,CAPIVARI,1,0.0000,0.0000,0.0000,95.6200,2.2600,2.1200,93.9600,3.7800,2.2600
2019,CAPIVARI,ELIAS FAUSTO,1,0.0000,0.0000,0.0000,0.0000,0.0000,0.0000,92.7900,5.1000,2.1100
2019,CAPIVARI,INDAIATUBA,1,0.0000,0.0000,0.0000,96.7100,2.2600,1.0300,94.2800,3.4100,2.3100
2019,CAPIVARI,MOMBUCA,1,0.0000,0.0000,0.0000,0.0000,0.0000,0.0000,100.0000,0.0000,0.0000
2019,CAPIVARI,MONTE MOR,1,0.0000,0.0000,0.0000,94.0000,4.9600,1.0400,92.0300,5.1200,2.8500
2019,CAPIVARI,RAFARD,1,0.0000,0.0000,0.0000,97.9500,0.4100,1.6400,97.5900,2.4100,0.0000
2019,CAPIVARI,RIO DAS PEDRAS,1,0.0000,0.0000,0.0000,93.7200,4.9200,1.3600,90.8900,6.7400,2.3700
2019,CARAGUATATUBA,CARAGUATATUBA,1,0.0000,0.0000,0.0000,99.4400,0.5600,0.0000,98.7200,1.2800,0.0000
2019,CARAGUATATUBA,ILHABELA,1,0.0000,0.0000,0.0000,0.0000,0.0000,0.0000,99.1100,0.8900,0.0000
2019,CARAGUATATUBA,SAO SEBASTIAO,1,0.0000,0.0000,0.0000,0.0000,0.0000,0.0000,97.5800,2.3400,0.0800
2019,CARAGUATATUBA,UBATUBA,1,84.4400,2.2200,13.3400,98.6300,0.9000,0.4700,94.7100,4.0000,1.2900
2019,CARAPICUIBA,CARAPICUIBA,1,99.0400,0.6600,0.3000,94.7800,3.5900,1.6300,91.0100,5.4500,3.5400
2019,CARAPICUIBA,COTIA,1,99.0600,0.0000,0.9400,93.4000,4.7300,1.8700,87.8200,8.3600,3.8200
2019,CATANDUVA,ARIRANHA,1,0.0000,0.0000,0.0000,99.4200,0.5800,0.0000,98.6700,1.3300,0.0000
2019,CATANDUVA,CAJOBI,1,0.0000,0.0000,0.0000,0.0000,0.0000,0.0000,100.0000,0.0000,0.0000
2019,CATANDUVA,CATANDUVA,1,0.0000,0.0000,0.0000,97.3700,2.5500,0.0800,95.3500,4.3100,0.3400
2019,CATANDUVA,CATIGUA,1,0.0000,0.0000,0.0000,99.4200,0.5800,0.0000,98.3100,1.6900,0.0000
2019,CATANDUVA,ELISIARIO,1,0.0000,0.0000,0.0000,0.0000,0.0000,0.0000,100.0000,0.0000,0.0000
2019,CATANDUVA,EMBAUBA,1,0.0000,0.0000,0.0000,98.9900,1.0100,0.0000,100.0000,0.0000,0.0000
2019,CATANDUVA,ITAJOBI,1,0.0000,0.0000,0.0000,0.0000,0.0000,0.0000,95.7500,1.9600,2.2900
2019,CATANDUVA,MARAPOAMA,1,0.0000,0.0000,0.0000,100.0000,0.0000,0.0000,98.8400,1.1600,0.0000
2019,CATANDUVA,NOVAIS,1,0.0000,0.0000,0.0000,0.0000,0.0000,0.0000,93.8000,6.2000,0.0000
2019,CATANDUVA,NOVO HORIZONTE,1,0.0000,0.0000,0.0000,97.9000,2.1000,0.0000,96.5600,3.4400,0.0000
2019,CATANDUVA,PALMARES PAULISTA,1,0.0000,0.0000,0.0000,98.8500,1.1500,0.0000,92.9500,7.0500,0.0000
2019,CATANDUVA,PARAISO,1,0.0000,0.0000,0.0000,0.0000,0.0000,0.0000,96.9700,2.4200,0.6100
2019,CATANDUVA,PINDORAMA,1,0.0000,0.0000,0.0000,90.7900,6.5800,2.6300,91.9500,5.0300,3.0200
2019,CATANDUVA,SANTA ADELIA,1,0.0000,0.0000,0.0000,99.5800,0.0000,0.4200,97.7900,2.2100,0.0000
2019,CATANDUVA,TABAPUA,1,0.0000,0.0000,0.0000,98.1700,1.8300,0.0000,99.1100,0.8900,0.0000
2019,CENTRO,SAO PAULO,1,99.1900,0.3600,0.4500,94.7400,4.0500,1.2100,91.6800,6.7100,1.6100
2019,CENTRO OESTE,SAO PAULO,1,99.3000,0.6100,0.0900,96.3500,2.7300,0.9200,88.0400,8.4300,3.5300
2019,CENTRO SUL,SAO PAULO,1,99.1800,0.6000,0.2200,94.6100,4.5800,0.8100,86.3500,11.1600,2.4900
2019,DIADEMA,DIADEMA,1,99.9200,0.0500,0.0300,98.6700,0.9900,0.3400,96.4000,2.6200,0.9800
2019,FERNANDOPOLIS,ESTRELA D'OESTE,1,0.0000,0.0000,0.0000,98.7700,0.9200,0.3100,97.7100,2.2900,0.0000
2019,FERNANDOPOLIS,FERNANDOPOLIS,1,100.0000,0.0000,0.0000,98.2900,1.6300,0.0800,95.5300,4.1800,0.2900
2019,FERNANDOPOLIS,GENERAL SALGADO,1,100.0000,0.0000,0.0000,100.0000,0.0000,0.0000,97.0000,3.0000,0.0000
2019,FERNANDOPOLIS,GUARANI D'OESTE,1,0.0000,0.0000,0.0000,100.0000,0.0000,0.0000,100.0000,0.0000,0.0000
2019,FERNANDOPOLIS,INDIAPORA,1,0.0000,0.0000,0.0000,98.6300,0.6800,0.6900,94.5100,3.3000,2.1900
2019,FERNANDOPOLIS,MACEDONIA,1,0.0000,0.0000,0.0000,99.3900,0.6100,0.0000,98.1300,1.8700,0.0000
2019,FERNANDOPOLIS,MAGDA,1,0.0000,0.0000,0.0000,97.5400,1.6400,0.8200,91.6700,6.6700,1.6600
2019,FERNANDOPOLIS,MERIDIANO,1,0.0000,0.0000,0.0000,99.0600,0.9400,0.0000,100.0000,0.0000,0.0000
2019,FERNANDOPOLIS,MIRA ESTRELA,1,0.0000,0.0000,0.0000,100.0000,0.0000,0.0000,98.5900,1.4100,0.0000
2019,FERNANDOPOLIS,OUROESTE,1,0.0000,0.0000,0.0000,97.0000,3.0000,0.0000,95.1100,4.8900,0.0000
2019,FERNANDOPOLIS,PEDRANOPOLIS,1,0.0000,0.0000,0.0000,100.0000,0.0000,0.0000,98.8500,1.1500,0.0000
2019,FERNANDOPOLIS,POPULINA,1,0.0000,0.0000,0.0000,99.5100,0.4900,0.0000,100.0000,0.0000,0.0000
2019,FERNANDOPOLIS,SAO JOAO DAS DUAS PONTES,1,0.0000,0.0000,0.0000,98.3500,1.6500,0.0000,97.3700,2.6300,0.0000
2019,FERNANDOPOLIS,SAO JOAO DE IRACEMA,1,0.0000,0.0000,0.0000,100.0000,0.0000,0.0000,100.0000,0.0000,0.0000
2019,FERNANDOPOLIS,TURMALINA,1,0.0000,0.0000,0.0000,100.0000,0.0000,0.0000,98.1800,1.8200,0.0000
2019,FRANCA,CRISTAIS PAULISTA,1,0.0000,0.0000,0.0000,0.0000,0.0000,0.0000,96.3800,0.7200,2.9000
2019,FRANCA,FRANCA,1,98.2500,1.7300,0.0200,97.0400,2.0500,0.9100,91.4100,5.4400,3.1500
2019,FRANCA,ITIRAPUA,1,0.0000,0.0000,0.0000,95.6900,1.7200,2.5900,87.7100,3.8100,8.4800
2019,FRANCA,JERIQUARA,1,0.0000,0.0000,0.0000,0.0000,0.0000,0.0000,97.7800,2.2200,0.0000
2019,FRANCA,PATROCINIO PAULISTA,1,0.0000,0.0000,0.0000,91.9200,4.0400,4.0400,90.4500,3.4000,6.1500
2019,FRANCA,PEDREGULHO,1,0.0000,0.0000,0.0000,96.1200,1.0300,2.8500,90.7700,2.4000,6.8300
2019,FRANCA,RESTINGA,1,0.0000,0.0000,0.0000,0.0000,0.0000,0.0000,85.4400,11.0000,3.5600
2019,FRANCA,RIBEIRAO CORRENTE,1,0.0000,0.0000,0.0000,0.0000,0.0000,0.0000,93.3700,4.8200,1.8100
2019,FRANCA,RIFAINA,1,0.0000,0.0000,0.0000,96.4100,2.0500,1.5400,89.6400,5.7000,4.6600
2019,FRANCA,SAO JOSE DA BELA VISTA,1,0.0000,0.0000,0.0000,96.5400,2.5300,0.9300,88.5100,6.0800,5.4100
2019,GUARATINGUETA,APARECIDA,1,0.0000,0.0000,0.0000,0.0000,0.0000,0.0000,93.2100,5.0500,1.7400
2019,GUARATINGUETA,ARAPEI,1,0.0000,0.0000,0.0000,0.0000,0.0000,0.0000,81.9800,12.6100,5.4100
2019,GUARATINGUETA,AREIAS,1,0.0000,0.0000,0.0000,0.0000,0.0000,0.0000,87.6600,12.3400,0.0000
2019,GUARATINGUETA,BANANAL,1,0.0000,0.0000,0.0000,0.0000,0.0000,0.0000,84.1000,15.9000,0.0000
2019,GUARATINGUETA,CACHOEIRA PAULISTA,1,0.0000,0.0000,0.0000,95.2200,4.1900,0.5900,90.5300,8.0700,1.4000
2019,GUARATINGUETA,CANAS,1,0.0000,0.0000,0.0000,0.0000,0.0000,0.0000,94.1200,3.3600,2.5200
2019,GUARATINGUETA,CRUZEIRO,1,0.0000,0.0000,0.0000,94.7700,4.3500,0.8800,91.1100,6.6500,2.2400
2019,GUARATINGUETA,CUNHA,1,0.0000,0.0000,0.0000,94.7000,4.0700,1.2300,91.6800,5.4900,2.8300
2019,GUARATINGUETA,GUARATINGUETA,1,0.0000,0.0000,0.0000,92.6900,5.3900,1.9200,83.1100,14.0000,2.8900
2019,GUARATINGUETA,LAVRINHAS,1,0.0000,0.0000,0.0000,96.5500,2.3000,1.1500,82.9900,15.9800,1.0300
2019,GUARATINGUETA,LORENA,1,66.6700,33.3300,0.0000,89.3100,7.7100,2.9800,86.4000,9.1800,4.4200
2019,GUARATINGUETA,PIQUETE,1,0.0000,0.0000,0.0000,94.8200,3.3800,1.8000,93.0500,6.0400,0.9100
2019,GUARATINGUETA,POTIM,1,0.0000,0.0000,0.0000,0.0000,0.0000,0.0000,81.0500,13.2200,5.7300
2019,GUARATINGUETA,QUELUZ,1,0.0000,0.0000,0.0000,91.0700,5.3600,3.5700,92.9300,4.5000,2.5700
2019,GUARATINGUETA,ROSEIRA,1,0.0000,0.0000,0.0000,0.0000,0.0000,0.0000,87.5900,11.7000,0.7100
2019,GUARATINGUETA,SAO JOSE DO BARREIRO,1,0.0000,0.0000,0.0000,0.0000,0.0000,0.0000,91.1000,8.9000,0.0000
2019,GUARATINGUETA,SILVEIRAS,1,0.0000,0.0000,0.0000,95.3700,3.4700,1.1600,95.1100,3.2600,1.6300
2019,GUARULHOS NORTE,GUARULHOS,1,99.6600,0.2200,0.1200,96.8700,2.2500,0.8800,90.8100,6.7400,2.4500
2019,GUARULHOS SUL,GUARULHOS,1,99.4100,0.4500,0.1400,95.4000,4.0400,0.5600,90.3700,7.9500,1.6800
2019,ITAPECERICA DA SERRA,EMBU-GUACU,1,99.9600,0.0400,0.0000,99.2900,0.4900,0.2200,97.3400,1.5200,1.1400
2019,ITAPECERICA DA SERRA,ITAPECERICA DA SERRA,1,99.8800,0.1200,0.0000,97.7800,1.8400,0.3800,94.3800,4.5800,1.0400
2019,ITAPECERICA DA SERRA,JUQUITIBA,1,99.6500,0.2600,0.0900,99.6900,0.0600,0.2500,97.1700,0.4400,2.3900
2019,ITAPECERICA DA SERRA,SAO LOURENCO DA SERRA,1,0.0000,0.0000,0.0000,99.3200,0.4100,0.2700,97.9600,1.5300,0.5100
2019,ITAPETININGA,ALAMBARI,1,0.0000,0.0000,0.0000,98.0100,1.6600,0.3300,93.7000,1.6800,4.6200
2019,ITAPETININGA,ANGATUBA,1,98.4600,1.5400,0.0000,99.4800,0.5200,0.0000,97.7100,2.2900,0.0000
2019,ITAPETININGA,CAMPINA DO MONTE ALEGRE,1,0.0000,0.0000,0.0000,0.0000,0.0000,0.0000,94.9300,5.0700,0.0000
2019,ITAPETININGA,GUAREI,1,0.0000,0.0000,0.0000,97.5900,2.4100,0.0000,99.4000,0.6000,0.0000
2019,ITAPETININGA,ITAPETININGA,1,99.5700,0.4300,0.0000,97.6800,1.9000,0.4200,92.7500,6.0800,1.1700
2019,ITAPETININGA,PARANAPANEMA,1,0.0000,0.0000,0.0000,0.0000,0.0000,0.0000,96.4500,3.0400,0.5100
2019,ITAPETININGA,SAO MIGUEL ARCANJO,1,0.0000,0.0000,0.0000,97.2100,2.0800,0.7100,92.2500,6.1000,1.6500
2019,ITAPETININGA,SARAPUI,1,0.0000,0.0000,0.0000,98.5800,1.4200,0.0000,95.9900,2.3600,1.6500
2019,ITAPETININGA,TATUI,1,0.0000,0.0000,0.0000,96.6600,2.2800,1.0600,92.1500,4.4700,3.3800
2019,ITAPEVA,BURI,1,0.0000,0.0000,0.0000,0.0000,0.0000,0.0000,99.0500,0.9500,0.0000
2019,ITAPEVA,CAPAO BONITO,1,0.0000,0.0000,0.0000,95.7500,4.2500,0.0000,93.9700,5.9100,0.1200
2019,ITAPEVA,ITAPEVA,1,0.0000,0.0000,0.0000,0.0000,0.0000,0.0000,97.3600,2.6000,0.0400
2019,ITAPEVA,NOVA CAMPINA,1,0.0000,0.0000,0.0000,0.0000,0.0000,0.0000,96.6800,3.3200,0.0000
2019,ITAPEVA,RIBEIRAO GRANDE,1,0.0000,0.0000,0.0000,99.2000,0.8000,0.0000,92.3300,7.6700,0.0000
2019,ITAPEVA,TAQUARIVAI,1,0.0000,0.0000,0.0000,0.0000,0.0000,0.0000,97.0600,2.9400,0.0000
2019,ITAPEVI,BARUERI,1,0.0000,0.0000,0.0000,0.0000,0.0000,0.0000,93.7700,4.6900,1.5400
2019,ITAPEVI,ITAPEVI,1,0.0000,0.0000,0.0000,95.0000,3.4500,1.5500,90.2900,5.2800,4.4300
2019,ITAPEVI,JANDIRA,1,0.0000,0.0000,0.0000,95.6600,3.3300,1.0100,92.6700,4.7400,2.5900
2019,ITAPEVI,PIRAPORA DO BOM JESUS,1,0.0000,0.0000,0.0000,0.0000,0.0000,0.0000,92.8400,3.1700,3.9900
2019,ITAQUAQUECETUBA,ITAQUAQUECETUBA,1,99.2600,0.7400,0.0000,94.6700,4.4100,0.9200,89.0000,8.6500,2.3500
2019,ITAQUAQUECETUBA,POA,1,0.0000,0.0000,0.0000,96.5700,3.2100,0.2200,91.2500,6.7900,1.9600
2019,ITARARE,BARAO DE ANTONINA,1,100.0000,0.0000,0.0000,100.0000,0.0000,0.0000,99.3600,0.6400,0.0000
2019,ITARARE,BOM SUCESSO DE ITARARE,1,0.0000,0.0000,0.0000,100.0000,0.0000,0.0000,100.0000,0.0000,0.0000
2019,ITARARE,CORONEL MACEDO,1,0.0000,0.0000,0.0000,98.1800,0.9100,0.9100,90.4100,4.1100,5.4800
2019,ITARARE,ITABERA,1,99.9100,0.0900,0.0000,97.3800,2.5200,0.1000,96.9400,2.5200,0.5400
2019,ITARARE,ITAPORANGA,1,100.0000,0.0000,0.0000,96.2200,2.2700,1.5100,94.3200,3.4100,2.2700
2019,ITARARE,ITARARE,1,0.0000,0.0000,0.0000,96.6000,2.5700,0.8300,89.6900,6.0400,4.2700
2019,ITARARE,RIVERSUL,1,100.0000,0.0000,0.0000,97.4400,1.9900,0.5700,95.1900,1.6000,3.2100
2019,ITU,BOITUVA,1,0.0000,0.0000,0.0000,0.0000,0.0000,0.0000,84.5000,14.0400,1.4600
2019,ITU,CABREUVA,1,0.0000,0.0000,0.0000,98.2400,1.6600,0.1000,96.9000,2.8600,0.2400
2019,ITU,CERQUILHO,1,0.0000,0.0000,0.0000,0.0000,0.0000,0.0000,90.9200,9.0800,0.0000
2019,ITU,IPERO,1,0.0000,0.0000,0.0000,0.0000,0.0000,0.0000,96.1600,3.6100,0.2300
2019,ITU,ITU,1,0.0000,0.0000,0.0000,96.1200,3.4800,0.4000,94.7300,4.6700,0.6000
2019,ITU,JUMIRIM,1,0.0000,0.0000,0.0000,0.0000,0.0000,0.0000,97.8300,2.1700,0.0000
2019,ITU,PORTO FELIZ,1,0.0000,0.0000,0.0000,99.0000,1.0000,0.0000,97.1700,2.8300,0.0000
2019,ITU,SALTO,1,99.6200,0.3800,0.0000,97.2600,2.6400,0.1000,96.1500,3.4300,0.4200
2019,ITU,TIETE,1,0.0000,0.0000,0.0000,0.0000,0.0000,0.0000,96.1900,1.3100,2.5000
2019,JABOTICABAL,BEBEDOURO,1,0.0000,0.0000,0.0000,97.3600,2.0700,0.5700,95.4200,1.9400,2.6400
2019,JABOTICABAL,GUARIBA,1,0.0000,0.0000,0.0000,0.0000,0.0000,0.0000,98.0000,0.6300,1.3700
2019,JABOTICABAL,GUATAPARA,1,0.0000,0.0000,0.0000,0.0000,0.0000,0.0000,85.7700,6.3200,7.9100
2019,JABOTICABAL,JABOTICABAL,1,0.0000,0.0000,0.0000,93.0600,3.2900,3.6500,90.3900,3.5600,6.0500
2019,JABOTICABAL,MONTE ALTO,1,0.0000,0.0000,0.0000,98.7400,0.6300,0.6300,94.9800,2.9200,2.1000
2019,JABOTICABAL,MONTE AZUL PAULISTA,1,0.0000,0.0000,0.0000,97.7000,1.3100,0.9900,94.8200,2.5900,2.5900
2019,JABOTICABAL,PRADOPOLIS,1,0.0000,0.0000,0.0000,0.0000,0.0000,0.0000,97.8400,2.1600,0.0000
2019,JABOTICABAL,TAIACU,1,0.0000,0.0000,0.0000,98.5000,1.5000,0.0000,98.7300,1.2700,0.0000
2019,JABOTICABAL,TAIUVA,1,0.0000,0.0000,0.0000,99.5300,0.0000,0.4700,98.5600,0.0000,1.4400
2019,JABOTICABAL,TAQUARAL,1,0.0000,0.0000,0.0000,100.0000,0.0000,0.0000,98.8400,0.0000,1.1600
2019,JACAREI,ARUJA,1,83.3300,0.0000,16.6700,97.8200,1.9500,0.2300,89.4600,8.2400,2.3000
2019,JACAREI,GUARAREMA,1,0.0000,0.0000,0.0000,96.3000,3.1700,0.5300,92.4900,3.8800,3.6300
2019,JACAREI,IGARATA,1,0.0000,0.0000,0.0000,94.7200,4.9100,0.3700,84.0800,8.2200,7.7000
2019,JACAREI,JACAREI,1,100.0000,0.0000,0.0000,97.0800,2.3300,0.5900,93.0100,5.7300,1.2600
2019,JACAREI,SANTA BRANCA,1,0.0000,0.0000,0.0000,0.0000,0.0000,0.0000,79.9000,12.8900,7.2100
2019,JACAREI,SANTA ISABEL,1,0.0000,0.0000,0.0000,98.6800,1.0600,0.2600,94.8500,2.9200,2.2300
2019,JALES,APARECIDA D'OESTE,1,0.0000,0.0000,0.0000,96.7400,3.2600,0.0000,97.5800,2.4200,0.0000
2019,JALES,ASPASIA,1,97.9600,2.0400,0.0000,98.7500,1.2500,0.0000,100.0000,0.0000,0.0000
2019,JALES,AURIFLAMA,1,0.0000,0.0000,0.0000,99.3600,0.4200,0.2200,98.4500,1.2900,0.2600
2019,JALES,DIRCE REIS,1,98.8000,1.2000,0.0000,100.0000,0.0000,0.0000,100.0000,0.0000,0.0000
2019,JALES,DOLCINOPOLIS,1,0.0000,0.0000,0.0000,95.3700,4.6300,0.0000,93.4200,6.5800,0.0000
2019,JALES,GUZOLANDIA,1,0.0000,0.0000,0.0000,100.0000,0.0000,0.0000,100.0000,0.0000,0.0000
2019,JALES,JALES,1,0.0000,0.0000,0.0000,98.2600,1.4300,0.3100,96.1600,3.6600,0.1800
2019,JALES,MARINOPOLIS,1,0.0000,0.0000,0.0000,98.9800,1.0200,0.0000,100.0000,0.0000,0.0000
2019,JALES,MESOPOLIS,1,0.0000,0.0000,0.0000,98.0400,1.9600,0.0000,97.8700,2.1300,0.0000
2019,JALES,NOVA CANAA PAULISTA,1,0.0000,0.0000,0.0000,100.0000,0.0000,0.0000,100.0000,0.0000,0.0000
2019,JALES,PALMEIRA D'OESTE,1,0.0000,0.0000,0.0000,99.3600,0.6400,0.0000,99.1300,0.8700,0.0000
2019,JALES,PARANAPUA,1,0.0000,0.0000,0.0000,94.9700,5.0300,0.0000,96.5800,3.4200,0.0000
2019,JALES,PONTALINDA,1,0.0000,0.0000,0.0000,100.0000,0.0000,0.0000,100.0000,0.0000,0.0000
2019,JALES,RUBINEIA,1,0.0000,0.0000,0.0000,97.2200,2.2200,0.5600,92.6800,5.6900,1.6300
2019,JALES,SANTA ALBERTINA,1,0.0000,0.0000,0.0000,99.1600,0.8400,0.0000,98.1900,1.8100,0.0000
2019,JALES,SANTA CLARA D'OESTE,1,0.0000,0.0000,0.0000,97.8900,2.1100,0.0000,97.1800,2.8200,0.0000
2019,JALES,SANTA FE DO SUL,1,0.0000,0.0000,0.0000,0.0000,0.0000,0.0000,95.8200,4.0600,0.1200
2019,JALES,SANTA RITA D'OESTE,1,0.0000,0.0000,0.0000,100.0000,0.0000,0.0000,98.7800,1.2200,0.0000
2019,JALES,SANTA SALETE,1,100.0000,0.0000,0.0000,100.0000,0.0000,0.0000,97.0600,2.9400,0.0000
2019,JALES,SANTANA DA PONTE PENSA,1,100.0000,0.0000,0.0000,100.0000,0.0000,0.0000,97.0600,2.9400,0.0000
2019,JALES,SAO FRANCISCO,1,99.1900,0.8100,0.0000,100.0000,0.0000,0.0000,98.9700,1.0300,0.0000
2019,JALES,SUZANAPOLIS,1,0.0000,0.0000,0.0000,97.0900,1.7400,1.1700,99.2600,0.0000,0.7400
2019,JALES,TRES FRONTEIRAS,1,0.0000,0.0000,0.0000,97.8000,2.2000,0.0000,96.4100,3.5900,0.0000
2019,JALES,URANIA,1,99.1800,0.8200,0.0000,99.3000,0.7000,0.0000,98.3900,1.6100,0.0000
2019,JALES,VITORIA BRASIL,1,0.0000,0.0000,0.0000,98.8600,1.1400,0.0000,98.1800,1.8200,0.0000
2019,JAU,BARIRI,1,0.0000,0.0000,0.0000,98.1200,1.8800,0.0000,93.2400,6.0800,0.6800
2019,JAU,BARRA BONITA,1,0.0000,0.0000,0.0000,98.4300,1.2400,0.3300,97.4800,1.6800,0.8400
2019,JAU,BOCAINA,1,0.0000,0.0000,0.0000,95.7600,1.1100,3.1300,89.0900,2.7300,8.1800
2019,JAU,BORACEIA,1,0.0000,0.0000,0.0000,99.3100,0.6900,0.0000,99.1900,0.8100,0.0000
2019,JAU,BOREBI,1,0.0000,0.0000,0.0000,0.0000,0.0000,0.0000,96.8400,2.1100,1.0500
2019,JAU,BROTAS,1,0.0000,0.0000,0.0000,96.1000,1.1400,2.7600,92.4700,2.1100,5.4200
2019,JAU,DOIS CORREGOS,1,0.0000,0.0000,0.0000,99.0900,0.6500,0.2600,99.3900,0.6100,0.0000
2019,JAU,IGARACU DO TIETE,1,0.0000,0.0000,0.0000,93.9200,5.4300,0.6500,93.9300,5.0300,1.0400
2019,JAU,ITAJU,1,0.0000,0.0000,0.0000,98.5200,1.4800,0.0000,98.0000,2.0000,0.0000
2019,JAU,ITAPUI,1,0.0000,0.0000,0.0000,96.8600,2.4000,0.7400,95.1400,3.1400,1.7200
2019,JAU,JAU,1,0.0000,0.0000,0.0000,97.3700,2.2300,0.4000,95.6800,2.4300,1.8900
2019,JAU,MACATUBA,1,0.0000,0.0000,0.0000,94.7200,4.7900,0.4900,96.6700,2.9400,0.3900
2019,JAU,MINEIROS DO TIETE,1,0.0000,0.0000,0.0000,98.4000,1.6000,0.0000,96.2100,3.7900,0.0000
2019,JAU,PEDERNEIRAS,1,0.0000,0.0000,0.0000,93.8600,5.9800,0.1600,86.4500,12.7700,0.7800
2019,JAU,TORRINHA,1,100.0000,0.0000,0.0000,98.3700,0.3300,1.3000,93.6100,2.7400,3.6500
2019,JOSE BONIFACIO,ADOLFO,1,0.0000,0.0000,0.0000,0.0000,0.0000,0.0000,95.9300,4.0700,0.0000
2019,JOSE BONIFACIO,BALSAMO,1,0.0000,0.0000,0.0000,98.0600,0.8300,1.1100,97.7600,1.3500,0.8900
2019,JOSE BONIFACIO,IRAPUA,1,0.0000,0.0000,0.0000,100.0000,0.0000,0.0000,99.4900,0.5100,0.0000
2019,JOSE BONIFACIO,JACI,1,0.0000,0.0000,0.0000,90.8000,9.2000,0.0000,90.3700,9.6300,0.0000
2019,JOSE BONIFACIO,JOSE BONIFACIO,1,99.0600,0.9400,0.0000,97.1800,2.6900,0.1300,86.4600,13.2400,0.3000
2019,JOSE BONIFACIO,MENDONCA,1,0.0000,0.0000,0.0000,98.4900,1.5100,0.0000,94.0500,5.9500,0.0000
2019,JOSE BONIFACIO,MIRASSOL,1,100.0000,0.0000,0.0000,97.8400,1.9500,0.2100,94.4400,5.4300,0.1300
2019,JOSE BONIFACIO,MONTE APRAZIVEL,1,0.0000,0.0000,0.0000,99.2500,0.7500,0.0000,90.6900,9.0700,0.2400
2019,JOSE BONIFACIO,NEVES PAULISTA,1,0.0000,0.0000,0.0000,99.4500,0.5500,0.0000,97.5400,2.4600,0.0000
2019,JOSE BONIFACIO,NIPOA,1,0.0000,0.0000,0.0000,97.3100,2.2400,0.4500,93.7500,5.5600,0.6900
2019,JOSE BONIFACIO,NOVA ALIANCA,1,0.0000,0.0000,0.0000,80.8100,12.5500,6.6400,71.6500,21.1300,7.2200
2019,JOSE BONIFACIO,PLANALTO,1,0.0000,0.0000,0.0000,93.3100,5.9500,0.7400,86.9800,7.8100,5.2100
2019,JOSE BONIFACIO,POLONI,1,98.9500,1.0500,0.0000,93.6200,4.9600,1.4200,95.9100,1.1700,2.9200
2019,JOSE BONIFACIO,SALES,1,0.0000,0.0000,0.0000,98.4800,1.5200,0.0000,98.6900,1.3100,0.0000
2019,JOSE BONIFACIO,TANABI,1,0.0000,0.0000,0.0000,98.9700,0.9000,0.1300,94.9800,5.0200,0.0000
2019,JOSE BONIFACIO,UBARANA,1,0.0000,0.0000,0.0000,0.0000,0.0000,0.0000,94.7600,5.2400,0.0000
2019,JOSE BONIFACIO,UNIAO PAULISTA,1,97.8000,2.2000,0.0000,100.0000,0.0000,0.0000,98.2100,1.7900,0.0000
2019,JOSE BONIFACIO,URUPES,1,0.0000,0.0000,0.0000,0.0000,0.0000,0.0000,95.8700,2.3600,1.7700
2019,JOSE BONIFACIO,ZACARIAS,1,0.0000,0.0000,0.0000,99.1800,0.8200,0.0000,97.3000,2.7000,0.0000
2019,JUNDIAI,CAMPO LIMPO PAULISTA,1,0.0000,0.0000,0.0000,95.4900,3.3300,1.1800,92.8200,4.4700,2.7100
2019,JUNDIAI,ITATIBA,1,0.0000,0.0000,0.0000,0.0000,0.0000,0.0000,92.4800,4.2800,3.2400
2019,JUNDIAI,ITUPEVA,1,0.0000,0.0000,0.0000,97.3700,1.8300,0.8000,90.8200,7.2000,1.9800
2019,JUNDIAI,JARINU,1,0.0000,0.0000,0.0000,98.0400,1.7600,0.2000,92.2600,6.8300,0.9100
2019,JUNDIAI,JUNDIAI,1,0.0000,0.0000,0.0000,96.4300,3.1700,0.4000,92.5200,6.0100,1.4700
2019,JUNDIAI,LOUVEIRA,1,0.0000,0.0000,0.0000,98.1200,1.3700,0.5100,95.3800,2.9600,1.6600
2019,JUNDIAI,VARZEA PAULISTA,1,0.0000,0.0000,0.0000,97.3000,2.1600,0.5400,94.1000,4.4400,1.4600
2019,LESTE 1,SAO PAULO,1,98.9700,0.6100,0.4200,92.3200,5.5800,2.1000,78.8700,14.5400,6.5900
2019,LESTE 2,SAO PAULO,1,98.6900,0.8300,0.4800,93.8600,5.0300,1.1100,85.4100,10.3600,4.2300
2019,LESTE 3,SAO PAULO,1,98.4200,0.9300,0.6500,92.1100,4.9600,2.9300,82.5900,9.6800,7.7300
2019,LESTE 4,SAO PAULO,1,99.2700,0.5300,0.2000,93.5800,5.2400,1.1800,82.8000,13.1100,4.0900
2019,LESTE 5,SAO PAULO,1,99.5500,0.3100,0.1400,94.8000,4.5500,0.6500,87.7700,10.0300,2.2000
2019,LIMEIRA,ARTUR NOGUEIRA,1,0.0000,0.0000,0.0000,96.3200,3.1600,0.5200,91.1000,6.5000,2.4000
2019,LIMEIRA,CORDEIROPOLIS,1,0.0000,0.0000,0.0000,88.2200,10.4500,1.3300,89.3200,7.6100,3.0700
2019,LIMEIRA,COSMOPOLIS,1,0.0000,0.0000,0.0000,93.0500,4.2000,2.7500,97.0000,1.8000,1.2000
2019,LIMEIRA,ENGENHEIRO COELHO,1,0.0000,0.0000,0.0000,95.9800,2.5900,1.4300,88.9500,7.2400,3.8100
2019,LIMEIRA,IPEUNA,1,0.0000,0.0000,0.0000,100.0000,0.0000,0.0000,100.0000,0.0000,0.0000
2019,LIMEIRA,IRACEMAPOLIS,1,0.0000,0.0000,0.0000,99.1600,0.7300,0.1100,90.1400,8.5100,1.3500
2019,LIMEIRA,LIMEIRA,1,99.1700,0.6500,0.1800,95.9700,2.7100,1.3200,88.9400,7.2800,3.7800
2019,LIMEIRA,RIO CLARO,1,100.0000,0.0000,0.0000,96.1400,2.9000,0.9600,91.6500,6.5100,1.8400
2019,LIMEIRA,SANTA GERTRUDES,1,0.0000,0.0000,0.0000,0.0000,0.0000,0.0000,94.2200,4.7700,1.0100
2019,LINS,CAFELANDIA,1,99.4400,0.5600,0.0000,95.7000,2.7400,1.5600,86.5300,12.6100,0.8600
2019,LINS,GETULINA,1,0.0000,0.0000,0.0000,99.0500,0.7100,0.2400,95.7800,3.6100,0.6100
2019,LINS,GUAICARA,1,0.0000,0.0000,0.0000,94.7900,5.2100,0.0000,91.6100,7.1400,1.2500
2019,LINS,GUAIMBE,1,0.0000,0.0000,0.0000,93.3100,3.3400,3.3500,84.5400,7.7300,7.7300
2019,LINS,GUARANTA,1,0.0000,0.0000,0.0000,90.3300,7.3300,2.3400,78.8500,12.8200,8.3300
2019,LINS,LINS,1,99.0300,0.9700,0.0000,92.4700,5.9200,1.6100,86.5600,12.6700,0.7700
2019,LINS,PONGAI,1,0.0000,0.0000,0.0000,93.4300,6.5700,0.0000,96.3600,3.6400,0.0000
2019,LINS,PROMISSAO,1,97.2300,2.7700,0.0000,97.0700,2.6400,0.2900,81.4600,15.4200,3.1200
2019,LINS,SABINO,1,0.0000,0.0000,0.0000,91.1000,7.1900,1.7100,77.2400,15.4500,7.3100
2019,LINS,URU,1,0.0000,0.0000,0.0000,96.9200,3.0800,0.0000,97.8700,2.1300,0.0000
2019,MARILIA,ALVARO DE CARVALHO,1,0.0000,0.0000,0.0000,96.8400,3.1600,0.0000,93.0200,6.9800,0.0000
2019,MARILIA,ALVINLANDIA,1,0.0000,0.0000,0.0000,99.4300,0.5700,0.0000,100.0000,0.0000,0.0000
2019,MARILIA,ECHAPORA,1,0.0000,0.0000,0.0000,95.4200,4.5800,0.0000,87.2300,12.2300,0.5400
2019,MARILIA,FERNAO,1,0.0000,0.0000,0.0000,100.0000,0.0000,0.0000,100.0000,0.0000,0.0000
2019,MARILIA,GALIA,1,0.0000,0.0000,0.0000,95.7100,4.2900,0.0000,92.3700,7.6300,0.0000
2019,MARILIA,GARCA,1,0.0000,0.0000,0.0000,99.0100,0.8100,0.1800,93.0100,4.4200,2.5700
2019,MARILIA,JULIO MESQUITA,1,0.0000,0.0000,0.0000,98.9400,1.0600,0.0000,94.4800,5.5200,0.0000
2019,MARILIA,LUPERCIO,1,0.0000,0.0000,0.0000,98.2100,1.3500,0.4400,96.4000,0.9000,2.7000
2019,MARILIA,MARILIA,1,99.6000,0.4000,0.0000,97.6200,2.0700,0.3100,93.7300,4.6800,1.5900
2019,MARILIA,OCAUCU,1,0.0000,0.0000,0.0000,99.5300,0.0000,0.4700,98.1800,0.0000,1.8200
2019,MARILIA,ORIENTE,1,100.0000,0.0000,0.0000,98.5200,0.9900,0.4900,95.2000,4.0000,0.8000
2019,MARILIA,OSCAR BRESSANE,1,0.0000,0.0000,0.0000,0.0000,0.0000,0.0000,96.0500,3.9500,0.0000
2019,MARILIA,POMPEIA,1,0.0000,0.0000,0.0000,97.9500,2.0500,0.0000,91.0200,8.9800,0.0000
2019,MARILIA,VERA CRUZ,1,0.0000,0.0000,0.0000,99.5600,0.2200,0.2200,98.1000,1.9000,0.0000
2019,MAUA,MAUA,1,99.0000,0.7800,0.2200,95.6100,3.6700,0.7200,90.3100,7.4200,2.2700
2019,MAUA,RIBEIRAO PIRES,1,99.4600,0.4900,0.0500,96.7300,3.0200,0.2500,92.6000,6.5300,0.8700
2019,MAUA,RIO GRANDE DA SERRA,1,99.0800,0.7200,0.2000,95.1900,4.0500,0.7600,90.3900,7.5700,2.0400
2019,MIRACATU,IGUAPE,1,96.8800,3.1300,-0.0100,99.5200,0.4800,0.0000,96.7700,3.0300,0.2000
2019,MIRACATU,ILHA COMPRIDA,1,0.0000,0.0000,0.0000,0.0000,0.0000,0.0000,99.1900,0.8100,0.0000
2019,MIRACATU,ITARIRI,1,99.1700,0.8300,0.0000,97.7100,2.2900,0.0000,95.4500,4.5500,0.0000
2019,MIRACATU,JUQUIA,1,0.0000,0.0000,0.0000,99.3200,0.4900,0.1900,96.8100,2.7000,0.4900
2019,MIRACATU,MIRACATU,1,95.4500,4.5500,0.0000,98.9100,0.9300,0.1600,97.6000,1.8900,0.5100
2019,MIRACATU,PEDRO DE TOLEDO,1,0.0000,0.0000,0.0000,99.3700,0.3100,0.3200,97.4700,1.2700,1.2600
2019,MIRANTE DO PARANAPANEMA,ESTRELA DO NORTE,1,0.0000,0.0000,0.0000,100.0000,0.0000,0.0000,96.8800,3.1300,-0.0100
2019,MIRANTE DO PARANAPANEMA,EUCLIDES DA CUNHA PAULISTA,1,0.0000,0.0000,0.0000,99.5800,0.4200,0.0000,98.7000,1.3000,0.0000
2019,MIRANTE DO PARANAPANEMA,MIRANTE DO PARANAPANEMA,1,99.4700,0.5300,0.0000,98.5800,1.4200,0.0000,98.7200,1.1200,0.1600
2019,MIRANTE DO PARANAPANEMA,NARANDIBA,1,0.0000,0.0000,0.0000,0.0000,0.0000,0.0000,100.0000,0.0000,0.0000
2019,MIRANTE DO PARANAPANEMA,ROSANA,1,100.0000,0.0000,0.0000,97.8800,2.1200,0.0000,97.7300,2.2700,0.0000
2019,MIRANTE DO PARANAPANEMA,SANDOVALINA,1,0.0000,0.0000,0.0000,0.0000,0.0000,0.0000,98.5900,1.4100,0.0000
2019,MIRANTE DO PARANAPANEMA,TARABAI,1,0.0000,0.0000,0.0000,0.0000,0.0000,0.0000,94.9600,5.0400,0.0000
2019,MIRANTE DO PARANAPANEMA,TEODORO SAMPAIO,1,99.6700,0.3300,0.0000,99.1800,0.8200,0.0000,97.2600,2.1000,0.6400
2019,MOGI DAS CRUZES,BIRITIBA-MIRIM,1,0.0000,0.0000,0.0000,97.5400,2.0200,0.4400,89.9800,6.1000,3.9200
2019,MOGI DAS CRUZES,MOGI DAS CRUZES,1,99.6200,0.3100,0.0700,97.9900,1.3900,0.6200,90.8600,6.8800,2.2600
2019,MOGI DAS CRUZES,SALESOPOLIS,1,0.0000,0.0000,0.0000,98.8400,0.7700,0.3900,94.3200,5.2100,0.4700
2019,MOGI MIRIM,AGUAS DE LINDOIA,1,97.2600,2.7400,0.0000,93.2100,6.1700,0.6200,92.2500,4.6500,3.1000
2019,MOGI MIRIM,AMPARO,1,98.8800,1.1200,0.0000,96.0600,2.9300,1.0100,91.3900,4.8000,3.8100
2019,MOGI MIRIM,CONCHAL,1,0.0000,0.0000,0.0000,97.5700,2.0700,0.3600,95.7800,3.2200,1.0000
2019,MOGI MIRIM,ESTIVA GERBI,1,0.0000,0.0000,0.0000,0.0000,0.0000,0.0000,98.4700,0.9200,0.6100
2019,MOGI MIRIM,HOLAMBRA,1,0.0000,0.0000,0.0000,0.0000,0.0000,0.0000,90.0200,8.2300,1.7500
2019,MOGI MIRIM,ITAPIRA,1,99.7400,0.0000,0.2600,91.0600,6.6400,2.3000,86.6500,6.6800,6.6700
2019,MOGI MIRIM,LINDOIA,1,0.0000,0.0000,0.0000,0.0000,0.0000,0.0000,98.7800,1.2200,0.0000
2019,MOGI MIRIM,MOGI GUACU,1,0.0000,0.0000,0.0000,95.0200,2.3900,2.5900,90.2700,5.5000,4.2300
2019,MOGI MIRIM,MOGI MIRIM,1,100.0000,0.0000,0.0000,93.7600,3.9600,2.2800,90.5200,4.0700,5.4100
2019,MOGI MIRIM,MONTE ALEGRE DO SUL,1,0.0000,0.0000,0.0000,0.0000,0.0000,0.0000,95.6400,1.0900,3.2700
2019,MOGI MIRIM,PEDREIRA,1,0.0000,0.0000,0.0000,96.9600,2.6000,0.4400,87.3800,7.6600,4.9600
2019,MOGI MIRIM,SANTO ANTONIO DE POSSE,1,0.0000,0.0000,0.0000,0.0000,0.0000,0.0000,87.9800,11.1500,0.8700
2019,MOGI MIRIM,SERRA NEGRA,1,99.3100,0.5200,0.1700,99.4000,0.4300,0.1700,94.0900,3.7600,2.1500
2019,NORTE 1,SAO PAULO,1,98.7700,0.7600,0.4700,92.7300,6.0400,1.2300,81.9800,13.1700,4.8500
2019,NORTE 2,SAO PAULO,1,99.2000,0.5800,0.2200,94.7700,4.1800,1.0500,88.6700,8.2500,3.0800
2019,OSASCO,OSASCO,1,33.3300,66.6700,0.0000,94.1000,4.2000,1.7000,89.4400,6.9300,3.6300
2019,OURINHOS,BERNARDINO DE CAMPOS,1,0.0000,0.0000,0.0000,98.7700,0.8200,0.4100,93.4900,3.4500,3.0600
2019,OURINHOS,CAMPOS NOVOS PAULISTA,1,0.0000,0.0000,0.0000,93.8700,4.9800,1.1500,96.1100,2.2200,1.6700
2019,OURINHOS,CANITAR,1,0.0000,0.0000,0.0000,0.0000,0.0000,0.0000,98.5200,0.9900,0.4900
2019,OURINHOS,CHAVANTES,1,0.0000,0.0000,0.0000,99.1300,0.6500,0.2200,94.9800,4.0800,0.9400
2019,OURINHOS,ESPIRITO SANTO DO TURVO,1,0.0000,0.0000,0.0000,99.5800,0.4200,0.0000,97.2400,2.7600,0.0000
2019,OURINHOS,IBIRAREMA,1,0.0000,0.0000,0.0000,95.0700,3.8700,1.0600,87.3600,8.7900,3.8500
2019,OURINHOS,IPAUSSU,1,0.0000,0.0000,0.0000,0.0000,0.0000,0.0000,98.9200,1.0800,0.0000
2019,OURINHOS,OURINHOS,1,98.9600,1.0400,0.0000,97.0300,1.5800,1.3900,93.1700,5.0300,1.8000
2019,OURINHOS,RIBEIRAO DO SUL,1,0.0000,0.0000,0.0000,99.5400,0.0000,0.4600,96.1300,3.8700,0.0000
2019,OURINHOS,SALTO GRANDE,1,0.0000,0.0000,0.0000,97.4300,2.5700,0.0000,89.8000,5.1000,5.1000
2019,OURINHOS,SANTA CRUZ DO RIO PARDO,1,100.0000,0.0000,0.0000,97.7100,1.0700,1.2200,92.3500,6.1600,1.4900
2019,OURINHOS,SAO PEDRO DO TURVO,1,0.0000,0.0000,0.0000,92.9500,6.7900,0.2600,92.5600,4.5500,2.8900
2019,PENAPOLIS,ALTO ALEGRE,1,0.0000,0.0000,0.0000,96.4000,3.6000,0.0000,94.7900,5.2100,0.0000
2019,PENAPOLIS,AVANHANDAVA,1,0.0000,0.0000,0.0000,92.0500,2.7800,5.1700,91.6000,2.8000,5.6000
2019,PENAPOLIS,BARBOSA,1,0.0000,0.0000,0.0000,97.1200,1.6000,1.2800,93.7500,3.7500,2.5000
2019,PENAPOLIS,BRAUNA,1,100.0000,0.0000,0.0000,97.9800,2.0200,0.0000,97.7600,2.2400,0.0000
2019,PENAPOLIS,CLEMENTINA,1,0.0000,0.0000,0.0000,99.0200,0.9800,0.0000,98.6200,1.3800,0.0000
2019,PENAPOLIS,LUIZIANIA,1,0.0000,0.0000,0.0000,99.6000,0.4000,0.0000,99.0600,0.9400,0.0000
2019,PENAPOLIS,PENAPOLIS,1,100.0000,0.0000,0.0000,97.4400,2.4300,0.1300,95.7100,4.2100,0.0800
2019,PENAPOLIS,SANTOPOLIS DO AGUAPEI,1,0.0000,0.0000,0.0000,100.0000,0.0000,0.0000,99.2000,0.8000,0.0000
2019,PINDAMONHANGABA,CAMPOS DO JORDAO,1,0.0000,0.0000,0.0000,0.0000,0.0000,0.0000,82.5200,14.1100,3.3700
2019,PINDAMONHANGABA,PINDAMONHANGABA,1,0.0000,0.0000,0.0000,98.2500,1.1900,0.5600,93.8600,4.3300,1.8100
2019,PINDAMONHANGABA,SANTO ANTONIO DO PINHAL,1,0.0000,0.0000,0.0000,0.0000,0.0000,0.0000,97.0800,2.0800,0.8400
2019,PINDAMONHANGABA,SAO BENTO DO SAPUCAI,1,0.0000,0.0000,0.0000,97.6000,1.0000,1.4000,91.6400,4.1800,4.1800
2019,PINDAMONHANGABA,TREMEMBE,1,0.0000,0.0000,0.0000,0.0000,0.0000,0.0000,91.8800,6.1500,1.9700
2019,PIRACICABA,AGUAS DE SAO PEDRO,1,0.0000,0.0000,0.0000,0.0000,0.0000,0.0000,94.6200,5.3800,0.0000
2019,PIRACICABA,CHARQUEADA,1,0.0000,0.0000,0.0000,95.7300,4.2700,0.0000,90.1900,8.7700,1.0400
2019,PIRACICABA,PIRACICABA,1,99.9300,0.0700,0.0000,98.0900,1.3000,0.6100,94.5700,3.3200,2.1100
2019,PIRACICABA,SALTINHO,1,0.0000,0.0000,0.0000,97.1600,1.8000,1.0400,95.5200,4.1000,0.3800
2019,PIRACICABA,SANTA MARIA DA SERRA,1,0.0000,0.0000,0.0000,98.5400,0.2900,1.1700,96.7100,2.6300,0.6600
2019,PIRACICABA,SAO PEDRO,1,0.0000,0.0000,0.0000,0.0000,0.0000,0.0000,92.6900,4.7900,2.5200
2019,PIRAJU,FARTURA,1,0.0000,0.0000,0.0000,97.3200,1.9100,0.7700,96.7600,2.2300,1.0100
2019,PIRAJU,MANDURI,1,0.0000,0.0000,0.0000,95.0500,1.8000,3.1500,88.1200,4.9800,6.9000
2019,PIRAJU,OLEO,1,0.0000,0.0000,0.0000,99.2200,0.7800,0.0000,98.9600,1.0400,0.0000
2019,PIRAJU,PIRAJU,1,0.0000,0.0000,0.0000,98.0500,1.0900,0.8600,95.7000,2.7800,1.5200
2019,PIRAJU,SARUTAIA,1,0.0000,0.0000,0.0000,94.9400,1.6900,3.3700,94.5700,3.2600,2.1700
2019,PIRAJU,TAGUAI,1,0.0000,0.0000,0.0000,98.4100,1.5900,0.0000,98.2200,1.7800,0.0000
2019,PIRAJU,TEJUPA,1,0.0000,0.0000,0.0000,97.6700,0.9300,1.4000,89.8900,2.1300,7.9800
2019,PIRAJU,TIMBURI,1,0.0000,0.0000,0.0000,99.1600,0.8400,0.0000,91.7600,4.7100,3.5300
2019,PIRASSUNUNGA,ANALANDIA,1,0.0000,0.0000,0.0000,0.0000,0.0000,0.0000,87.1600,11.0100,1.8300
2019,PIRASSUNUNGA,ARARAS,1,98.8600,1.1400,0.0000,96.9100,2.0500,1.0400,90.1400,6.6200,3.2400
2019,PIRASSUNUNGA,LEME,1,0.0000,0.0000,0.0000,97.6300,1.5700,0.8000,93.4500,4.2800,2.2700
2019,PIRASSUNUNGA,PIRASSUNUNGA,1,0.0000,0.0000,0.0000,95.9100,3.6800,0.4100,88.2300,9.9800,1.7900
2019,PIRASSUNUNGA,PORTO FERREIRA,1,0.0000,0.0000,0.0000,91.2400,5.0300,3.7300,80.4200,10.2000,9.3800
2019,PIRASSUNUNGA,SANTA CRUZ DA CONCEICAO,1,0.0000,0.0000,0.0000,98.1200,0.9400,0.9400,92.9300,6.0600,1.0100
2019,PIRASSUNUNGA,SANTA CRUZ DAS PALMEIRAS,1,0.0000,0.0000,0.0000,97.3300,2.1100,0.5600,81.6300,12.0600,6.3100
2019,PIRASSUNUNGA,SANTA RITA DO PASSA QUATRO,1,0.0000,0.0000,0.0000,93.3200,6.5300,0.1500,84.4100,10.5500,5.0400
2019,PRESIDENTE PRUDENTE,ALFREDO MARCONDES,1,97.7300,2.2700,0.0000,94.9000,3.8200,1.2800,91.1000,2.0500,6.8500
2019,PRESIDENTE PRUDENTE,ALVARES MACHADO,1,0.0000,0.0000,0.0000,0.0000,0.0000,0.0000,90.7900,5.0800,4.1300
2019,PRESIDENTE PRUDENTE,ANHUMAS,1,0.0000,0.0000,0.0000,99.4900,0.0000,0.5100,94.3900,2.8000,2.8100
2019,PRESIDENTE PRUDENTE,CAIABU,1,0.0000,0.0000,0.0000,97.2500,2.7500,0.0000,90.9900,4.5000,4.5100
2019,PRESIDENTE PRUDENTE,INDIANA,1,0.0000,0.0000,0.0000,96.9700,2.4200,0.6100,94.1600,5.1100,0.7300
2019,PRESIDENTE PRUDENTE,MARTINOPOLIS,1,0.0000,0.0000,0.0000,97.5700,2.4300,0.0000,95.6700,4.3300,0.0000
2019,PRESIDENTE PRUDENTE,PIRAPOZINHO,1,0.0000,0.0000,0.0000,94.8300,3.4800,1.6900,92.8600,2.6500,4.4900
2019,PRESIDENTE PRUDENTE,PRESIDENTE PRUDENTE,1,0.0000,0.0000,0.0000,93.2800,5.7800,0.9400,87.1700,10.3800,2.4500
2019,PRESIDENTE PRUDENTE,REGENTE FEIJO,1,0.0000,0.0000,0.0000,91.7000,7.3900,0.9100,89.3000,9.6700,1.0300
2019,PRESIDENTE PRUDENTE,SANTO EXPEDITO,1,0.0000,0.0000,0.0000,92.1700,7.8300,0.0000,91.1400,8.8600,0.0000
2019,PRESIDENTE PRUDENTE,TACIBA,1,0.0000,0.0000,0.0000,96.0900,2.4900,1.4200,96.3400,3.0500,0.6100
2019,REGISTRO,BARRA DO TURVO,1,0.0000,0.0000,0.0000,96.1200,0.3900,3.4900,94.2800,0.3000,5.4200
2019,REGISTRO,CAJATI,1,0.0000,0.0000,0.0000,96.7400,3.0000,0.2600,94.0100,4.7900,1.2000
2019,REGISTRO,CANANEIA,1,100.0000,0.0000,0.0000,91.2200,6.4300,2.3500,78.0800,13.8700,8.0500
2019,REGISTRO,ELDORADO,1,100.0000,0.0000,0.0000,97.5000,2.5000,0.0000,93.2800,5.5500,1.1700
2019,REGISTRO,JACUPIRANGA,1,0.0000,0.0000,0.0000,97.7700,1.4500,0.7800,91.9000,8.1000,0.0000
2019,REGISTRO,PARIQUERA-ACU,1,96.4300,0.0000,3.5700,99.2800,0.4100,0.3100,94.2100,2.3800,3.4100
2019,REGISTRO,REGISTRO,1,100.0000,0.0000,0.0000,96.8100,2.1100,1.0800,92.9600,4.9500,2.0900
2019,REGISTRO,SETE BARRAS,1,80.0000,20.0000,0.0000,93.0500,5.7000,1.2500,85.4300,12.7700,1.8000
2019,RIBEIRAO PRETO,ALTINOPOLIS,1,0.0000,0.0000,0.0000,99.7200,0.0000,0.2800,89.6200,2.9700,7.4100
2019,RIBEIRAO PRETO,BATATAIS,1,99.3900,0.6100,0.0000,94.6200,3.5400,1.8400,87.3000,6.7400,5.9600
2019,RIBEIRAO PRETO,BRODOWSKI,1,0.0000,0.0000,0.0000,89.5200,6.5500,3.9300,81.5500,9.8800,8.5700
2019,RIBEIRAO PRETO,CAJURU,1,0.0000,0.0000,0.0000,92.9100,4.3600,2.7300,89.3600,8.4200,2.2200
2019,RIBEIRAO PRETO,CASSIA DOS COQUEIROS,1,0.0000,0.0000,0.0000,0.0000,0.0000,0.0000,96.9100,1.0300,2.0600
2019,RIBEIRAO PRETO,CRAVINHOS,1,0.0000,0.0000,0.0000,89.9400,8.4500,1.6100,85.2200,13.0400,1.7400
2019,RIBEIRAO PRETO,LUIS ANTONIO,1,0.0000,0.0000,0.0000,0.0000,0.0000,0.0000,77.0600,12.7700,10.1700
2019,RIBEIRAO PRETO,RIBEIRAO PRETO,1,97.4900,2.2300,0.2800,90.6800,7.2100,2.1100,83.4100,11.5200,5.0700
2019,RIBEIRAO PRETO,SANTA CRUZ DA ESPERANCA,1,0.0000,0.0000,0.0000,0.0000,0.0000,0.0000,97.7800,1.1100,1.1100
2019,RIBEIRAO PRETO,SANTA ROSA DE VITERBO,1,0.0000,0.0000,0.0000,96.5000,3.5000,0.0000,95.9600,3.6400,0.4000
2019,RIBEIRAO PRETO,SANTO ANTONIO DA ALEGRIA,1,0.0000,0.0000,0.0000,0.0000,0.0000,0.0000,92.8000,3.3900,3.8100
2019,RIBEIRAO PRETO,SAO SIMAO,1,100.0000,0.0000,0.0000,100.0000,0.0000,0.0000,99.2000,0.5400,0.2600
2019,RIBEIRAO PRETO,SERRA AZUL,1,0.0000,0.0000,0.0000,93.3900,4.0700,2.5400,86.6900,7.6900,5.6200
2019,RIBEIRAO PRETO,SERRANA,1,0.0000,0.0000,0.0000,88.3700,9.3400,2.2900,82.5400,12.5000,4.9600
2019,SANTO ANASTACIO,CAIUA,1,0.0000,0.0000,0.0000,100.0000,0.0000,0.0000,100.0000,0.0000,0.0000
2019,SANTO ANASTACIO,EMILIANOPOLIS,1,0.0000,0.0000,0.0000,0.0000,0.0000,0.0000,100.0000,0.0000,0.0000
2019,SANTO ANASTACIO,MARABA PAULISTA,1,0.0000,0.0000,0.0000,100.0000,0.0000,0.0000,98.0600,1.9400,0.0000
2019,SANTO ANASTACIO,PIQUEROBI,1,0.0000,0.0000,0.0000,97.9500,1.3700,0.6800,95.1800,3.6100,1.2100
2019,SANTO ANASTACIO,PRESIDENTE BERNARDES,1,0.0000,0.0000,0.0000,87.7600,12.2400,0.0000,92.1500,6.1000,1.7500
2019,SANTO ANASTACIO,PRESIDENTE EPITACIO,1,99.4100,0.5900,0.0000,99.0700,0.7800,0.1500,92.8600,6.3600,0.7800
2019,SANTO ANASTACIO,PRESIDENTE VENCESLAU,1,0.0000,0.0000,0.0000,97.7700,1.7200,0.5100,93.7800,4.7500,1.4700
2019,SANTO ANASTACIO,RIBEIRAO DOS INDIOS,1,0.0000,0.0000,0.0000,95.5600,4.4400,0.0000,85.2900,13.2400,1.4700
2019,SANTO ANASTACIO,SANTO ANASTACIO,1,0.0000,0.0000,0.0000,92.5700,6.6300,0.8000,86.8900,10.6800,2.4300
2019,SANTO ANDRE,SANTO ANDRE,1,99.0800,0.7300,0.1900,95.3000,3.7400,0.9600,89.7000,7.5400,2.7600
2019,SANTOS,BERTIOGA,1,0.0000,0.0000,0.0000,95.8500,2.4500,1.7000,91.3700,4.9400,3.6900
2019,SANTOS,CUBATAO,1,100.0000,0.0000,0.0000,97.1000,2.2300,0.6700,89.4400,6.7500,3.8100
2019,SANTOS,GUARUJA,1,99.3900,0.1700,0.4400,96.5300,1.6300,1.8400,92.1800,3.5700,4.2500
2019,SANTOS,SANTOS,1,97.9500,2.0500,0.0000,97.7000,1.7600,0.5400,93.9400,4.7800,1.2800
2019,SAO BERNARDO DO CAMPO,SAO BERNARDO DO CAMPO,1,100.0000,0.0000,0.0000,95.8200,3.6500,0.5300,87.0400,10.3200,2.6400
2019,SAO BERNARDO DO CAMPO,SAO CAETANO DO SUL,1,0.0000,0.0000,0.0000,96.2100,3.7500,0.0400,86.6200,12.2600,1.1200
2019,SAO CARLOS,CORUMBATAI,1,0.0000,0.0000,0.0000,0.0000,0.0000,0.0000,100.0000,0.0000,0.0000
2019,SAO CARLOS,DESCALVADO,1,0.0000,0.0000,0.0000,0.0000,0.0000,0.0000,94.9500,5.0500,0.0000
2019,SAO CARLOS,DOURADO,1,0.0000,0.0000,0.0000,99.2900,0.7100,0.0000,98.9100,1.0900,0.0000
2019,SAO CARLOS,IBATE,1,0.0000,0.0000,0.0000,99.4200,0.5800,0.0000,97.3600,2.6400,0.0000
2019,SAO CARLOS,ITIRAPINA,1,0.0000,0.0000,0.0000,99.7100,0.2900,0.0000,98.3000,1.7000,0.0000
2019,SAO CARLOS,RIBEIRAO BONITO,1,0.0000,0.0000,0.0000,0.0000,0.0000,0.0000,83.0200,15.1200,1.8600
2019,SAO CARLOS,SAO CARLOS,1,100.0000,0.0000,0.0000,99.6800,0.3000,0.0200,98.5400,1.4600,0.0000
2019,SAO JOAO DA BOA VISTA,AGUAI,1,98.8600,1.1400,0.0000,98.0600,1.8400,0.1000,91.8700,7.7100,0.4200
2019,SAO JOAO DA BOA VISTA,AGUAS DA PRATA,1,0.0000,0.0000,0.0000,98.4200,1.1900,0.3900,94.3300,2.8400,2.8300
2019,SAO JOAO DA BOA VISTA,CACONDE,1,100.0000,0.0000,0.0000,98.4100,1.1400,0.4500,95.2500,4.2200,0.5300
2019,SAO JOAO DA BOA VISTA,CASA BRANCA,1,0.0000,0.0000,0.0000,93.1200,5.4800,1.4000,85.5800,12.0200,2.4000
2019,SAO JOAO DA BOA VISTA,DIVINOLANDIA,1,0.0000,0.0000,0.0000,94.9100,2.3100,2.7800,90.3900,3.9000,5.7100
2019,SAO JOAO DA BOA VISTA,ESPIRITO SANTO DO PINHAL,1,98.1900,1.5500,0.2600,95.5000,3.2000,1.3000,90.0500,7.0200,2.9300
2019,SAO JOAO DA BOA VISTA,ITOBI,1,100.0000,0.0000,0.0000,90.6000,7.5200,1.8800,72.5700,9.7100,17.7200
2019,SAO JOAO DA BOA VISTA,MOCOCA,1,100.0000,0.0000,0.0000,97.3400,2.3700,0.2900,90.9900,5.8800,3.1300
2019,SAO JOAO DA BOA VISTA,SANTO ANTONIO DO JARDIM,1,100.0000,0.0000,0.0000,98.5100,1.4900,0.0000,98.1300,1.8700,0.0000
2019,SAO JOAO DA BOA VISTA,SAO JOAO DA BOA VISTA,1,0.0000,0.0000,0.0000,96.5300,2.5200,0.9500,92.8600,5.9400,1.2000
2019,SAO JOAO DA BOA VISTA,SAO JOSE DO RIO PARDO,1,98.2900,1.4900,0.2200,95.4900,3.9000,0.6100,88.4300,9.8600,1.7100
2019,SAO JOAO DA BOA VISTA,SAO SEBASTIAO DA GRAMA,1,0.0000,0.0000,0.0000,97.1200,2.2200,0.6600,92.4300,2.6300,4.9400
2019,SAO JOAO DA BOA VISTA,TAMBAU,1,0.0000,0.0000,0.0000,97.3500,2.1900,0.4600,90.8900,6.6300,2.4800
2019,SAO JOAO DA BOA VISTA,TAPIRATIBA,1,0.0000,0.0000,0.0000,95.0000,5.0000,0.0000,85.0200,12.8900,2.0900
2019,SAO JOAO DA BOA VISTA,VARGEM GRANDE DO SUL,1,0.0000,0.0000,0.0000,95.6200,3.1600,1.2200,85.7500,7.9900,6.2600
2019,SAO JOAQUIM DA BARRA,ARAMINA,1,0.0000,0.0000,0.0000,94.3700,5.3000,0.3300,86.6700,13.3300,0.0000
2019,SAO JOAQUIM DA BARRA,BURITIZAL,1,0.0000,0.0000,0.0000,0.0000,0.0000,0.0000,98.1100,0.0000,1.8900
2019,SAO JOAQUIM DA BARRA,GUARA,1,0.0000,0.0000,0.0000,0.0000,0.0000,0.0000,93.4100,2.2000,4.3900
2019,SAO JOAQUIM DA BARRA,IGARAPAVA,1,0.0000,0.0000,0.0000,0.0000,0.0000,0.0000,87.7900,12.2100,0.0000
2019,SAO JOAQUIM DA BARRA,IPUA,1,0.0000,0.0000,0.0000,0.0000,0.0000,0.0000,94.0300,5.3500,0.6200
2019,SAO JOAQUIM DA BARRA,ITUVERAVA,1,0.0000,0.0000,0.0000,0.0000,0.0000,0.0000,92.9700,7.0300,0.0000
2019,SAO JOAQUIM DA BARRA,MIGUELOPOLIS,1,0.0000,0.0000,0.0000,0.0000,0.0000,0.0000,94.0600,2.5000,3.4400
2019,SAO JOAQUIM DA BARRA,MORRO AGUDO,1,0.0000,0.0000,0.0000,91.7900,8.0200,0.1900,92.9100,7.0900,0.0000
2019,SAO JOAQUIM DA BARRA,NUPORANGA,1,0.0000,0.0000,0.0000,0.0000,0.0000,0.0000,100.0000,0.0000,0.0000
2019,SAO JOAQUIM DA BARRA,ORLANDIA,1,0.0000,0.0000,0.0000,0.0000,0.0000,0.0000,93.3300,0.5000,6.1700
2019,SAO JOAQUIM DA BARRA,SALES OLIVEIRA,1,0.0000,0.0000,0.0000,98.1700,1.8300,0.0000,95.9200,4.0800,0.0000
2019,SAO JOAQUIM DA BARRA,SAO JOAQUIM DA BARRA,1,98.8000,1.2000,0.0000,95.7800,2.8800,1.3400,83.9400,10.8300,5.2300
2019,SAO JOSE DO RIO PRETO,BADY BASSITT,1,0.0000,0.0000,0.0000,93.8400,5.4300,0.7300,80.9600,14.7500,4.2900
2019,SAO JOSE DO RIO PRETO,CEDRAL,1,0.0000,0.0000,0.0000,0.0000,0.0000,0.0000,94.1600,4.2800,1.5600
2019,SAO JOSE DO RIO PRETO,GUAPIACU,1,0.0000,0.0000,0.0000,0.0000,0.0000,0.0000,94.6200,5.3800,0.0000
2019,SAO JOSE DO RIO PRETO,IBIRA,1,0.0000,0.0000,0.0000,0.0000,0.0000,0.0000,87.8600,11.7900,0.3500
2019,SAO JOSE DO RIO PRETO,ICEM,1,0.0000,0.0000,0.0000,0.0000,0.0000,0.0000,98.2300,1.3300,0.4400
2019,SAO JOSE DO RIO PRETO,IPIGUA,1,0.0000,0.0000,0.0000,96.9700,3.0300,0.0000,94.6400,5.3600,0.0000
2019,SAO JOSE DO RIO PRETO,MIRASSOLANDIA,1,0.0000,0.0000,0.0000,97.8600,0.4300,1.7100,86.6700,8.3300,5.0000
2019,SAO JOSE DO RIO PRETO,NOVA GRANADA,1,0.0000,0.0000,0.0000,95.6900,3.8300,0.4800,85.3700,14.4500,0.1800
2019,SAO JOSE DO RIO PRETO,ONDA VERDE,1,0.0000,0.0000,0.0000,94.6800,5.3200,0.0000,96.3400,3.6600,0.0000
2019,SAO JOSE DO RIO PRETO,ORINDIUVA,1,0.0000,0.0000,0.0000,0.0000,0.0000,0.0000,98.9200,1.0800,0.0000
2019,SAO JOSE DO RIO PRETO,PALESTINA,1,0.0000,0.0000,0.0000,0.0000,0.0000,0.0000,96.8500,3.1500,0.0000
2019,SAO JOSE DO RIO PRETO,POTIRENDABA,1,0.0000,0.0000,0.0000,0.0000,0.0000,0.0000,87.9000,9.8800,2.2200
2019,SAO JOSE DO RIO PRETO,SAO JOSE DO RIO PRETO,1,0.0000,0.0000,0.0000,96.2600,2.7900,0.9500,91.8500,6.4000,1.7500
2019,SAO JOSE DO RIO PRETO,UCHOA,1,0.0000,0.0000,0.0000,0.0000,0.0000,0.0000,92.6900,5.3800,1.9300
2019,SAO JOSE DOS CAMPOS,MONTEIRO LOBATO,1,0.0000,0.0000,0.0000,93.7200,6.2800,0.0000,90.8400,8.4000,0.7600
2019,SAO JOSE DOS CAMPOS,SAO JOSE DOS CAMPOS,1,99.1800,0.7800,0.0400,95.9400,3.8200,0.2400,90.1100,8.7400,1.1500
2019,SAO ROQUE,ALUMINIO,1,0.0000,0.0000,0.0000,0.0000,0.0000,0.0000,99.1400,0.8600,0.0000
2019,SAO ROQUE,ARACARIGUAMA,1,0.0000,0.0000,0.0000,0.0000,0.0000,0.0000,94.3600,5.4900,0.1500
2019,SAO ROQUE,IBIUNA,1,100.0000,0.0000,0.0000,97.7100,1.6400,0.6500,94.8000,2.7500,2.4500
2019,SAO ROQUE,MAIRINQUE,1,0.0000,0.0000,0.0000,0.0000,0.0000,0.0000,96.6700,3.0700,0.2600
2019,SAO ROQUE,SAO ROQUE,1,0.0000,0.0000,0.0000,0.0000,0.0000,0.0000,96.3000,2.6500,1.0500
2019,SAO ROQUE,VARGEM GRANDE PAULISTA,1,0.0000,0.0000,0.0000,95.6900,3.5800,0.7300,93.3000,4.6700,2.0300
2019,SAO VICENTE,ITANHAEM,1,100.0000,0.0000,0.0000,93.6600,5.4400,0.9000,88.6000,7.8900,3.5100
2019,SAO VICENTE,MONGAGUA,1,100.0000,0.0000,0.0000,84.4800,15.5200,0.0000,89.0100,9.9500,1.0400
2019,SAO VICENTE,PERUIBE,1,91.8400,8.1600,0.0000,94.7600,4.2600,0.9800,90.2900,7.8800,1.8300
2019,SAO VICENTE,PRAIA GRANDE,1,100.0000,0.0000,0.0000,93.6800,4.8600,1.4600,92.4200,6.2800,1.3000
2019,SAO VICENTE,SAO VICENTE,1,96.5100,3.4900,0.0000,92.8700,5.9400,1.1900,89.5200,8.2500,2.2300
2019,SERTAOZINHO,BARRINHA,1,0.0000,0.0000,0.0000,0.0000,0.0000,0.0000,96.6000,1.3200,2.0800
2019,SERTAOZINHO,DUMONT,1,0.0000,0.0000,0.0000,0.0000,0.0000,0.0000,97.9500,2.0500,0.0000
2019,SERTAOZINHO,JARDINOPOLIS,1,0.0000,0.0000,0.0000,0.0000,0.0000,0.0000,93.3600,3.6600,2.9800
2019,SERTAOZINHO,PITANGUEIRAS,1,0.0000,0.0000,0.0000,96.7900,2.2500,0.9600,93.3700,4.1300,2.5000
2019,SERTAOZINHO,PONTAL,1,0.0000,0.0000,0.0000,99.5100,0.4100,0.0800,97.9300,1.8400,0.2300
2019,SERTAOZINHO,SERTAOZINHO,1,91.6700,8.3300,0.0000,98.8400,0.7300,0.4300,96.6600,1.8900,1.4500
2019,SERTAOZINHO,TERRA ROXA,1,0.0000,0.0000,0.0000,0.0000,0.0000,0.0000,93.8900,1.1500,4.9600
2019,SERTAOZINHO,VIRADOURO,1,0.0000,0.0000,0.0000,99.2500,0.7500,0.0000,98.3400,0.9500,0.7100
2019,SOROCABA,SOROCABA,1,99.9500,0.0000,0.0500,98.3200,1.0700,0.6100,95.1000,3.1800,1.7200
2019,SUL 1,SAO PAULO,1,99.3400,0.5000,0.1600,91.5600,6.7500,1.6900,83.9600,12.7200,3.3200
2019,SUL 2,SAO PAULO,1,99.0200,0.5000,0.4800,93.0000,5.3700,1.6300,85.8100,10.1100,4.0800
2019,SUL 3,SAO PAULO,1,97.9600,1.3200,0.7200,90.5100,7.4800,2.0100,82.7800,11.9400,5.2800
2019,SUMARE,HORTOLANDIA,1,99.1300,0.8700,0.0000,96.8600,2.3000,0.8400,94.5400,4.2900,1.1700
2019,SUMARE,PAULINIA,1,0.0000,0.0000,0.0000,96.1100,3.3700,0.5200,90.5900,7.3400,2.0700
2019,SUMARE,SUMARE,1,99.4800,0.4800,0.0400,97.3300,2.0300,0.6400,94.6000,3.8600,1.5400
2019,SUZANO,FERRAZ DE VASCONCELOS,1,0.0000,0.0000,0.0000,94.7900,3.5900,1.6200,87.8200,7.8800,4.3000
2019,SUZANO,SUZANO,1,99.1200,0.5700,0.3100,96.3600,2.5400,1.1000,90.2300,6.9200,2.8500
2019,TABOAO DA SERRA,EMBU DAS ARTES,1,99.4300,0.5300,0.0400,93.0600,6.2500,0.6900,88.5300,9.5400,1.9300
2019,TABOAO DA SERRA,TABOAO DA SERRA,1,97.1500,2.8500,0.0000,94.2300,4.9300,0.8400,90.7200,7.5500,1.7300
2019,TAQUARITINGA,BORBOREMA,1,98.6500,1.1800,0.1700,98.3500,1.6500,0.0000,97.6600,2.3400,0.0000
2019,TAQUARITINGA,CANDIDO RODRIGUES,1,0.0000,0.0000,0.0000,0.0000,0.0000,0.0000,100.0000,0.0000,0.0000
2019,TAQUARITINGA,DOBRADA,1,100.0000,0.0000,0.0000,99.7700,0.0000,0.2300,100.0000,0.0000,0.0000
2019,TAQUARITINGA,FERNANDO PRESTES,1,0.0000,0.0000,0.0000,0.0000,0.0000,0.0000,95.8100,1.8000,2.3900
2019,TAQUARITINGA,IBITINGA,1,99.4800,0.4300,0.0900,97.7300,2.1800,0.0900,93.8800,6.0400,0.0800
2019,TAQUARITINGA,ITAPOLIS,1,99.9300,0.0000,0.0700,98.8700,0.9800,0.1500,97.4300,2.3800,0.1900
2019,TAQUARITINGA,PIRANGI,1,0.0000,0.0000,0.0000,99.7500,0.0000,0.2500,99.7000,0.3000,0.0000
2019,TAQUARITINGA,SANTA ERNESTINA,1,0.0000,0.0000,0.0000,100.0000,0.0000,0.0000,100.0000,0.0000,0.0000
2019,TAQUARITINGA,TABATINGA,1,100.0000,0.0000,0.0000,99.0100,0.9900,0.0000,95.3800,3.4600,1.1600
2019,TAQUARITINGA,TAQUARITINGA,1,100.0000,0.0000,0.0000,98.0500,1.9500,0.0000,91.6400,6.6100,1.7500
2019,TAQUARITINGA,VISTA ALEGRE DO ALTO,1,0.0000,0.0000,0.0000,100.0000,0.0000,0.0000,100.0000,0.0000,0.0000
2019,TAUBATE,CACAPAVA,1,0.0000,0.0000,0.0000,95.0600,4.0300,0.9100,92.8000,5.3100,1.8900
2019,TAUBATE,JAMBEIRO,1,0.0000,0.0000,0.0000,0.0000,0.0000,0.0000,96.7000,1.1000,2.2000
2019,TAUBATE,LAGOINHA,1,0.0000,0.0000,0.0000,98.0800,1.1500,0.7700,93.5800,5.3500,1.0700
2019,TAUBATE,NATIVIDADE DA SERRA,1,0.0000,0.0000,0.0000,98.6500,0.9000,0.4500,92.4900,7.0400,0.4700
2019,TAUBATE,PARAIBUNA,1,0.0000,0.0000,0.0000,95.9100,3.7600,0.3300,91.9500,7.4900,0.5600
2019,TAUBATE,REDENCAO DA SERRA,1,0.0000,0.0000,0.0000,99.1500,0.0000,0.8500,93.5700,1.4300,5.0000
2019,TAUBATE,SAO LUIZ DO PARAITINGA,1,0.0000,0.0000,0.0000,0.0000,0.0000,0.0000,92.9400,2.2600,4.8000
2019,TAUBATE,TAUBATE,1,75.0000,25.0000,0.0000,97.2600,1.9200,0.8200,94.2600,4.4500,1.2900
2019,TUPA,ARCO-IRIS,1,100.0000,0.0000,0.0000,99.1200,0.0000,0.8800,100.0000,0.0000,0.0000
2019,TUPA,BASTOS,1,97.1000,2.9000,0.0000,99.4200,0.4900,0.0900,97.0500,1.7100,1.2400
2019,TUPA,HERCULANDIA,1,96.1300,3.8700,0.0000,97.3500,1.5900,1.0600,93.6600,4.2300,2.1100
2019,TUPA,IACRI,1,97.3200,2.6800,0.0000,98.6000,1.0500,0.3500,95.5900,1.4700,2.9400
2019,TUPA,JOAO RAMALHO,1,0.0000,0.0000,0.0000,98.5800,1.4200,0.0000,95.0800,3.2800,1.6400
2019,TUPA,PARAPUA,1,0.0000,0.0000,0.0000,99.5300,0.2300,0.2400,94.9200,0.8500,4.2300
2019,TUPA,QUATA,1,0.0000,0.0000,0.0000,97.7700,1.5600,0.6700,97.6200,2.3800,0.0000
2019,TUPA,QUEIROZ,1,0.0000,0.0000,0.0000,100.0000,0.0000,0.0000,91.2400,5.8400,2.9200
2019,TUPA,QUINTANA,1,0.0000,0.0000,0.0000,96.9600,2.7000,0.3400,96.6700,3.3300,0.0000
2019,TUPA,RANCHARIA,1,96.7200,3.2800,0.0000,98.8000,1.1100,0.0900,97.6700,1.8600,0.4700
2019,TUPA,RINOPOLIS,1,98.3400,1.6600,0.0000,97.9900,1.2600,0.7500,91.6100,4.0100,4.3800
2019,TUPA,TUPA,1,97.3100,2.6000,0.0900,96.5700,2.4700,0.9600,87.9600,9.1500,2.8900
2019,VOTORANTIM,ARACOIABA DA SERRA,1,0.0000,0.0000,0.0000,0.0000,0.0000,0.0000,96.7600,2.3800,0.8600
2019,VOTORANTIM,CAPELA DO ALTO,1,0.0000,0.0000,0.0000,0.0000,0.0000,0.0000,91.4900,2.4300,6.0800
2019,VOTORANTIM,PIEDADE,1,0.0000,0.0000,0.0000,98.3800,0.8700,0.7500,95.6900,1.8300,2.4800
2019,VOTORANTIM,PILAR DO SUL,1,0.0000,0.0000,0.0000,98.4400,1.0900,0.4700,97.6000,1.6000,0.8000
2019,VOTORANTIM,SALTO DE PIRAPORA,1,100.0000,0.0000,0.0000,98.7400,0.5700,0.6900,92.6200,5.4300,1.9500
2019,VOTORANTIM,TAPIRAI,1,0.0000,0.0000,0.0000,98.5600,0.6200,0.8200,95.1300,2.6000,2.2700
2019,VOTORANTIM,VOTORANTIM,1,0.0000,0.0000,0.0000,98.1800,0.9500,0.8700,96.1100,2.0700,1.8200
2019,VOTUPORANGA,ALVARES FLORENCE,1,0.0000,0.0000,0.0000,100.0000,0.0000,0.0000,95.4500,2.7300,1.8200
2019,VOTUPORANGA,AMERICO DE CAMPOS,1,0.0000,0.0000,0.0000,98.7700,1.2300,0.0000,99.0200,0.9800,0.0000
2019,VOTUPORANGA,CARDOSO,1,100.0000,0.0000,0.0000,99.2000,0.8000,0.0000,96.3000,2.9600,0.7400
2019,VOTUPORANGA,COSMORAMA,1,0.0000,0.0000,0.0000,97.7400,2.2600,0.0000,95.6900,3.5300,0.7800
2019,VOTUPORANGA,FLOREAL,1,0.0000,0.0000,0.0000,100.0000,0.0000,0.0000,100.0000,0.0000,0.0000
2019,VOTUPORANGA,GASTAO VIDIGAL,1,100.0000,0.0000,0.0000,97.5300,2.4700,0.0000,97.1200,2.8800,0.0000
2019,VOTUPORANGA,MACAUBAL,1,0.0000,0.0000,0.0000,99.0400,0.9600,0.0000,94.6100,3.4300,1.9600
2019,VOTUPORANGA,MONCOES,1,100.0000,0.0000,0.0000,98.9600,1.0400,0.0000,98.4600,0.0000,1.5400
2019,VOTUPORANGA,NHANDEARA,1,97.2200,0.0000,2.7800,99.4900,0.2500,0.2600,97.1700,1.4200,1.4100
2019,VOTUPORANGA,NOVA CASTILHO,1,0.0000,0.0000,0.0000,100.0000,0.0000,0.0000,100.0000,0.0000,0.0000
2019,VOTUPORANGA,NOVA LUZITANIA,1,0.0000,0.0000,0.0000,98.6700,1.3300,0.0000,99.0200,0.9800,0.0000
2019,VOTUPORANGA,PARISI,1,0.0000,0.0000,0.0000,100.0000,0.0000,0.0000,100.0000,0.0000,0.0000
2019,VOTUPORANGA,PAULO DE FARIA,1,0.0000,0.0000,0.0000,0.0000,0.0000,0.0000,99.1200,0.8800,0.0000
2019,VOTUPORANGA,PONTES GESTAL,1,0.0000,0.0000,0.0000,96.3000,3.7000,0.0000,96.2300,1.8900,1.8800
2019,VOTUPORANGA,RIOLANDIA,1,0.0000,0.0000,0.0000,0.0000,0.0000,0.0000,95.4900,3.3800,1.1300
2019,VOTUPORANGA,SEBASTIANOPOLIS DO SUL,1,0.0000,0.0000,0.0000,100.0000,0.0000,0.0000,100.0000,0.0000,0.0000
2019,VOTUPORANGA,VALENTIM GENTIL,1,0.0000,0.0000,0.0000,94.8800,5.1200,0.0000,92.8600,7.1400,0.0000
2019,VOTUPORANGA,VOTUPORANGA,1,0.0000,0.0000,0.0000,98.0900,1.2100,0.7000,94.8000,3.0000,2.2000

